player_id,match-format,matches,innings,notouts,runs,hi_score,average,balls_faced,strike_rate,hundreds,fifties,fours,sixes,catches,stumps
21585,Tests,76,143,10,5825,219,43.79,10685,54.51,14,29,831,42,95,0
21585,ODI,123,122,6,4335,137,37.37,5087,85.21,12,21,528,41,49,0
21585,,3,3,0,166,72,55.33,131,126.71,0,2,23,1,2,0
21585,First-Class,391,675,36,26234,284,41.05,,,66,127,,,560,0
21585,List A,372,357,29,12229,184,37.28,,,28,63,,,149,0
21585,T20,89,87,5,2363,108*,28.81,1569,150.6,2,17,304,80,29,0
914623,First-Class,27,41,8,992,88,30.06,2268,43.73,0,7,113,3,10,0
914623,List A,32,26,4,507,76*,23.04,547,92.68,0,3,40,10,7,0
914623,T20,68,45,19,379,31*,14.57,303,125.08,0,0,23,16,41,0
21593,Tests,5,9,3,228,85*,38,,,0,2,,1,4,0
21593,First-Class,375,602,53,10696,164,19.48,,,8,44,,,452,0
47623,Tests,52,93,6,3835,226,44.08,8128,47.18,9,19,451,0,29,0
47623,ODI,68,65,10,2819,137,51.25,3658,77.06,4,22,216,3,14,0
47623,,7,7,1,138,51,23,144,95.83,0,1,9,3,0,0
47623,First-Class,281,468,47,18662,226,44.32,,,46,92,,,223,0
47623,List A,274,253,44,10056,137,48.11,,,23,67,,,77,0
47623,T20,81,76,16,2147,86*,35.78,1870,114.81,0,13,219,34,18,0
21598,ODI,6,5,1,36,20,9,76,47.36,0,0,5,0,1,0
21598,First-Class,167,259,21,8491,223,35.67,17463,48.62,19,44,,,88,0
21598,List A,169,151,16,3654,115*,27.06,,,2,21,,,64,0
21598,T20,88,81,9,1740,68*,24.16,1420,122.53,0,10,164,43,36,0
21600,Tests,67,85,14,981,39*,13.81,,,0,0,,25,64,0
21600,First-Class,603,713,120,9231,104,15.56,,,3,26,,,439,0
21600,List A,18,14,2,156,28,13,,,0,0,,,5,0
21601,First-Class,107,121,41,991,48,12.38,,,0,0,,,76,0
21601,List A,122,43,19,177,19,7.37,,,0,0,,,46,0
21525,First-Class,2,3,2,19,14,19,,,0,0,,,1,0
21607,Tests,10,16,4,229,99*,19.08,513,44.63,0,1,39,0,3,0
21607,ODI,3,2,1,9,6,9,11,81.81,0,0,0,0,1,0
21607,First-Class,129,169,34,2960,144,21.92,,,2,9,,,36,0
21607,List A,82,55,16,470,56,12.05,,,0,1,,,23,0
21609,Tests,1,1,0,14,14,14,,,0,0,,0,0,1
21609,First-Class,70,120,14,1514,102,14.28,,,1,4,,,59,40
21611,Tests,42,59,29,153,22*,5.1,690,22.17,0,0,13,0,12,0
21611,ODI,20,10,9,15,5*,15,31,48.38,0,0,0,0,4,0
21611,First-Class,316,349,136,2066,67*,9.69,,,0,1,,,106,0
21611,List A,93,36,22,125,18,8.92,,,0,0,,,17,0
21614,Tests,9,13,2,224,61,20.36,,,0,1,,2,1,0
21614,First-Class,388,626,37,17544,233,29.78,,,29,82,,,280,0
53863,,4,4,1,17,9,5.66,,,0,0,,,1,0
22135,First-Class,30,36,15,330,57,15.71,572,57.69,0,1,,,11,0
22135,List A,42,16,8,71,15*,8.87,113,62.83,0,0,3,1,10,0
22135,T20,55,16,6,32,11*,3.2,52,61.53,0,0,1,1,14,0
757251,First-Class,7,13,2,145,35,13.18,393,36.89,0,0,19,0,3,0
757251,List A,1,1,0,1,1,1,2,50,0,0,0,0,1,0
21634,Tests,14,20,2,990,122,55,,,3,6,,2,2,0
21634,First-Class,648,961,106,38874,256*,45.46,,,102,191,,,296,0
21636,Tests,31,55,1,1661,138,30.75,,,4,9,,3,16,0
21636,First-Class,608,994,62,37897,295*,40.66,,,86,193,,,359,0
21637,Tests,7,7,1,47,29,7.83,,,0,0,,1,1,0
21637,First-Class,397,464,54,6419,105,15.65,,,1,15,,,334,0
21639,Tests,6,9,1,152,66,19,,,0,1,,0,5,5
21639,First-Class,93,158,10,3065,107,20.7,,,3,10,,,127,58
21641,Tests,1,1,0,0,0,0,,,0,0,0,0,0,0
21641,First-Class,185,310,52,2952,66,11.44,,,0,6,,,118,0
21644,Tests,17,24,3,230,37*,10.95,,,0,0,14,2,4,0
21644,First-Class,244,316,76,4103,82,17.09,,,0,13,,,85,0
22144,Tests,4,7,1,109,33*,18.16,214,50.93,0,0,14,1,1,0
22144,ODI,11,7,4,35,11*,11.66,46,76.08,0,0,1,0,1,0
22144,First-Class,301,430,79,7931,117*,22.59,,,1,34,,,127,0
22144,List A,410,264,82,2966,79*,16.29,,,0,9,,,136,0
22144,T20,60,39,15,382,40*,15.91,314,121.65,0,0,29,14,16,0
22146,Tests,25,39,0,949,149,24.33,,,1,7,,5,19,0
22146,First-Class,537,928,40,20823,199*,23.44,,,18,101,,,368,0
22149,Tests,86,116,35,937,45*,11.56,,,0,0,,0,44,0
22149,ODI,26,13,4,53,17,5.88,133,39.84,0,0,5,0,6,0
22149,First-Class,676,710,200,5165,111,10.12,,,1,2,,,261,0
22149,List A,411,197,81,815,28,7.02,,,0,0,,,108,0
22173,Tests,7,9,2,454,136,64.85,,,2,1,,3,2,0
22173,First-Class,399,645,38,18306,242,30.15,,,35,90,,,289,0
53864,,1,1,0,0,0,0,,,0,0,,,0,0
22182,Tests,82,147,9,5719,197,41.44,11184,51.13,18,18,742,22,44,0
22182,ODI,86,83,10,1982,90*,27.15,2898,68.39,0,16,204,13,25,0
22182,,2,2,0,27,27,13.5,22,122.72,0,0,4,0,0,0
22182,First-Class,268,468,27,16295,197,36.95,,,42,68,,,118,0
22182,List A,282,273,25,7238,125*,29.18,,,3,46,,,88,0
22182,T20,18,18,1,319,41*,18.76,284,112.32,0,0,31,5,2,0
524812,First-Class,11,16,1,351,58,23.4,635,55.27,0,1,52,1,3,0
524812,List A,10,6,0,79,27,13.16,79,100,0,0,11,1,6,0
524812,T20,16,14,0,172,34,12.28,154,111.68,0,0,22,4,2,0
22185,Tests,40,44,12,669,66*,20.9,,,0,3,,0,30,0
22185,First-Class,378,416,106,5603,101,18.07,,,1,13,,,269,0
22186,Tests,1,2,1,14,11*,14,,,0,0,0,0,0,0
22186,First-Class,239,391,21,7070,160,19.1,,,4,28,,,171,0
53865,,5,4,2,23,16*,11.5,,,0,0,,,4,0
874173,,17,4,2,13,9*,6.5,12,108.33,0,0,1,0,9,0
296597,Tests,13,22,0,548,83,24.9,1100,49.81,0,3,86,0,8,0
296597,ODI,25,22,0,616,102,28,703,87.62,1,3,76,3,10,0
296597,,17,17,0,463,59,27.23,361,128.25,0,2,47,14,7,0
296597,First-Class,200,331,25,12052,240,39.38,19408,62.09,28,50,1800,55,183,0
296597,List A,148,138,7,5199,190,39.68,5348,97.21,10,25,604,40,57,0
296597,T20,350,339,37,9637,129*,31.91,7082,136.07,5,59,1069,252,185,0
22189,Tests,2,3,2,46,36,46,216,21.29,0,0,5,0,0,0
22189,First-Class,547,920,79,25171,202,29.92,,,34,142,,,240,0
1037701,First-Class,41,50,26,229,47,9.54,524,43.7,0,0,37,2,10,0
1037701,List A,10,8,2,31,8,5.16,61,50.81,0,0,2,0,1,0
22192,Tests,27,38,15,308,66,13.39,,,0,1,,8,15,0
22192,First-Class,426,525,130,7590,129,19.21,,,4,26,,,288,0
22251,Tests,2,4,0,16,7,4,55,29.09,0,0,1,0,1,0
22251,First-Class,266,265,69,2527,114,12.89,,,1,4,,,232,0
22559,First-Class,164,246,26,5904,200,26.83,9206,64.13,5,33,,,54,0
22559,List A,140,116,15,2060,68,20.39,,,0,5,,,45,0
22559,T20,144,107,32,1359,62,18.12,1099,123.65,0,4,105,43,38,0
22256,First-Class,212,350,29,12455,315,38.8,,,31,58,,,91,0
22256,List A,114,110,9,2751,102*,27.23,,,1,21,,,21,0
22256,T20,18,15,0,288,56,19.2,251,114.74,0,1,34,5,5,0
22258,Tests,5,9,0,132,49,14.66,,,0,0,,0,2,0
22258,First-Class,391,607,32,12513,228,21.76,,,19,48,,,353,0
53866,,2,1,1,6,6*,,,,0,0,,,1,0
53866,,2,1,1,2,2*,,,,0,0,,,0,0
23506,First-Class,148,236,16,6880,123,31.27,14336,47.99,9,37,878,48,98,0
23506,List A,90,85,8,2532,109*,32.88,2942,86.06,2,18,214,35,32,0
23506,T20,133,124,25,2597,64,26.23,2207,117.67,0,14,208,52,42,0
53888,,3,2,1,14,7*,14,,,0,0,,,1,0
22274,First-Class,223,377,39,12197,275*,36.08,,,28,51,,,155,0
22274,List A,285,255,40,6269,117,29.15,,,3,37,,,75,0
22274,T20,82,75,11,1397,74*,21.82,1203,116.12,0,4,135,31,10,0
22276,Tests,3,4,0,128,52,32,,,0,1,,2,5,0
22276,First-Class,469,788,110,17650,152*,26.03,,,13,92,,,697,0
22276,List A,72,68,7,1218,79,19.96,,,0,4,,,32,0
1046777,First-Class,3,6,1,103,64,20.6,212,48.58,0,1,12,0,1,0
1046777,List A,10,7,3,71,23,17.75,109,65.13,0,0,4,3,3,0
1046777,T20,14,9,3,29,19*,4.83,35,82.85,0,0,2,1,3,0
22280,First-Class,264,422,36,11159,139,28.9,,,15,55,,,707,56
22280,List A,205,166,32,2736,118*,20.41,,,2,7,,,184,45
22280,T20,136,106,23,1534,69*,18.48,1253,122.42,0,2,159,26,53,30
22283,Tests,11,18,3,784,102,52.26,,,1,7,,0,6,0
22283,First-Class,245,427,32,12145,226,30.74,,,21,55,,,102,0
22285,First-Class,25,37,3,808,71,23.76,,,0,8,,,11,0
22285,List A,94,82,14,1498,72,22.02,,,0,7,,,26,0
22292,Tests,5,6,1,40,21,8,93,43.01,0,0,7,0,3,0
22292,First-Class,163,157,47,928,44,8.43,,,0,0,,,51,0
22292,List A,118,60,19,259,21*,6.31,,,0,0,,,23,0
22290,Tests,7,13,0,487,117,37.46,,,1,3,,1,1,0
22290,First-Class,385,642,51,17783,219,30.08,,,29,87,,,169,0
901657,First-Class,3,6,0,30,19,5,126,23.8,0,0,4,0,2,0
901657,List A,12,12,0,215,37,17.91,230,93.47,0,0,36,4,2,0
901657,T20,25,25,4,442,54,21.04,331,133.53,0,2,38,19,11,0
22301,Tests,5,9,1,129,39,16.12,316,40.82,0,0,8,0,1,0
22301,First-Class,138,230,17,8575,168*,40.25,,,23,43,,,72,0
22301,List A,160,153,13,4059,136,28.99,,,2,27,,,34,0
22301,T20,18,15,0,351,50,23.4,279,125.8,0,2,45,7,4,0
22306,First-Class,248,425,22,13876,235*,34.43,,,29,77,,,226,0
22306,List A,324,318,13,9238,131,30.28,,,10,59,,,78,0
22306,T20,2,2,0,8,5,4,16,50,0,0,0,0,0,0
53890,,3,3,0,56,36,18.66,,,0,0,,,2,0
53890,,7,5,1,39,29,9.75,53,73.58,0,0,5,0,3,0
22288,Tests,28,41,8,653,66,19.78,,,0,2,,14,12,0
22288,First-Class,412,527,71,7333,79,16.08,,,0,18,,,257,0
22288,List A,4,4,0,29,19,7.25,,,0,0,,,0,0
782035,First-Class,7,9,4,97,32*,19.4,468,20.72,0,0,6,0,1,0
782035,List A,10,2,1,0,0*,0,2,0,0,0,0,0,2,0
782035,T20,1,1,0,1,1,1,3,33.33,0,0,0,0,0,0
22311,Tests,15,28,2,622,132*,23.92,,,1,3,,0,3,0
22311,First-Class,521,875,75,29028,244,36.28,,,60,149,,,183,0
22319,Tests,2,4,0,4,4,1,,,0,0,0,0,0,0
22319,First-Class,344,454,119,3838,54*,11.45,,,0,3,,,118,0
22314,Tests,1,1,0,7,7,7,,,0,0,,0,1,0
22314,First-Class,255,445,44,5507,123,13.73,,,1,11,,,195,0
22550,First-Class,8,8,4,24,11,6,125,19.2,0,0,,,0,0
22550,List A,5,3,1,2,2,1,,,0,0,0,0,2,0
22550,T20,2,2,1,1,1*,1,3,33.33,0,0,0,0,1,0
22317,First-Class,146,238,26,7776,201*,36.67,,,15,41,,,128,5
22317,List A,177,162,25,3363,100*,24.54,,,1,15,,,135,11
22317,T20,2,1,0,26,26,26,30,86.66,0,0,1,1,0,0
22322,Tests,37,66,6,2569,195,42.81,,,6,12,,8,12,0
22322,First-Class,592,906,107,34101,251*,42.67,,,76,176,,,212,0
23510,First-Class,51,69,36,411,54,12.45,1954,21.03,0,1,,,12,0
23510,List A,22,8,3,24,8,4.8,57,42.1,0,0,,,3,0
23510,T20,4,2,2,11,11*,,13,84.61,0,0,1,0,0,0
22333,Tests,3,5,0,25,13,5,82,30.48,0,0,3,0,1,0
22333,ODI,4,2,0,4,4,2,23,17.39,0,0,0,0,0,0
22333,First-Class,266,297,109,2037,51,10.83,,,0,1,,,71,0
22333,List A,252,107,40,427,31*,6.37,,,0,0,,,39,0
22329,Tests,15,24,4,810,137*,40.5,,,2,4,,0,17,0
22329,First-Class,484,753,87,20361,170*,30.57,,,32,108,,,464,0
22328,Tests,4,6,1,167,82*,33.4,352,47.44,0,1,18,1,1,0
22328,ODI,1,0,0,0,-,,0,,0,0,0,0,0,0
22328,First-Class,308,459,49,10939,161,26.68,,,11,50,,,156,0
22328,List A,374,296,61,5398,130,22.97,,,2,20,,,98,0
53867,,13,24,2,397,70,18.04,,,0,1,,,7,0
53867,,28,25,5,593,54*,29.65,,,0,4,,,3,0
22340,Tests,23,37,3,879,116,25.85,,,2,3,,2,8,0
22340,First-Class,468,753,109,25670,257,39.86,,,55,132,,,295,0
53868,,7,11,1,289,70,28.9,,,0,3,,,1,0
53868,,23,22,6,768,107*,48,,,1,5,,,3,0
212709,,7,4,2,1,1,0.5,33,3.03,0,0,0,0,1,0
748793,First-Class,63,101,4,2344,168,24.16,5456,42.96,2,11,313,4,52,0
748793,List A,29,28,4,764,105*,31.83,1032,74.03,2,4,62,7,10,0
748793,T20,69,62,10,1455,71,27.98,1120,129.91,0,6,115,43,25,0
22349,Tests,1,2,0,4,4,2,,,0,0,,0,2,0
22349,First-Class,370,641,58,14465,243*,24.81,,,14,60,,,229,10
22355,First-Class,171,265,43,5075,115*,22.86,,,2,21,,,73,0
22355,List A,223,176,46,2582,82,19.86,,,0,8,,,32,0
22355,T20,24,18,2,152,20,9.5,142,107.04,0,0,14,3,3,0
22357,Tests,2,4,0,47,38,11.75,,,0,0,,1,2,0
22357,First-Class,417,679,46,12485,112,19.72,,,2,59,,,377,0
22361,Tests,1,2,1,3,3*,3,40,7.5,0,0,0,0,0,0
22361,ODI,1,1,0,15,15,15,10,150,0,0,2,0,0,0
22361,First-Class,376,628,81,21099,253*,38.57,,,46,101,,,227,0
22361,List A,377,348,43,9381,127,30.75,,,8,58,,,108,0
22363,ODI,2,2,0,22,17,11,44,50,0,0,2,0,0,0
22363,First-Class,318,510,78,14289,203,33.07,,,24,67,,,111,0
22363,List A,322,282,42,6192,117,25.8,,,4,28,,,76,0
350126,First-Class,177,292,21,9804,258,36.17,20579,47.64,23,42,1363,58,98,0
350126,List A,44,37,1,778,88,21.61,925,84.1,0,5,105,17,14,0
350126,T20,43,38,4,557,66,16.38,414,134.54,0,3,56,23,15,0
22365,ODI,9,7,0,141,39,20.14,253,55.73,0,0,8,2,7,0
22365,First-Class,196,306,22,9314,224,32.79,,,18,46,,,134,0
22365,List A,267,250,26,5722,201,25.54,,,4,27,,,77,0
22365,T20,4,4,0,63,23,15.75,58,108.62,0,0,7,1,2,0
53722,,3,5,0,34,19,6.8,,,0,0,,,3,0
53869,,11,20,5,476,87,31.73,,,0,3,,,13,9
857965,First-Class,2,4,0,49,22,12.25,150,32.66,0,0,8,0,1,0
857965,List A,1,1,0,8,8,8,23,34.78,0,0,0,0,0,0
857965,T20,1,1,0,24,24,24,16,150,0,0,5,0,0,0
210777,First-Class,7,8,3,46,32,9.2,154,29.87,0,0,5,0,1,0
210777,List A,8,4,3,31,17,31,33,93.93,0,0,1,0,2,0
214265,Tests,5,9,1,193,59,24.12,453,42.6,0,1,33,0,1,0
214265,First-Class,224,374,28,12409,254,35.86,24647,50.34,27,56,1839,13,131,0
214265,List A,112,106,7,3728,134,37.65,4223,88.27,7,29,409,28,28,0
214265,T20,111,99,11,2569,109*,29.19,1988,129.22,2,10,282,55,41,0
22373,First-Class,62,104,6,2841,156,28.98,,,7,9,,,37,0
22373,List A,54,53,5,937,80*,19.52,,,0,4,,,11,0
22373,T20,5,3,1,74,34*,37,55,134.54,0,0,8,1,3,0
22375,First-Class,237,417,34,12789,205,33.39,,,24,64,,,133,0
22375,List A,198,184,13,4385,134,25.64,,,4,24,,,45,0
22375,T20,7,5,2,167,73*,55.66,132,126.51,0,1,19,4,3,0
22380,ODI,13,5,3,19,9,9.5,28,67.85,0,0,0,1,1,0
22380,First-Class,121,184,29,3570,128*,23.03,,,6,14,,,63,0
22380,List A,155,109,22,1411,72,16.21,,,0,1,,,42,0
22380,T20,34,20,7,157,19,12.07,130,120.76,0,0,12,6,5,0
22381,Tests,1,2,0,20,13,10,,,0,0,,0,0,0
22381,First-Class,482,745,69,21796,199,32.24,,,31,110,,,288,0
22381,List A,1,1,0,0,0,0,,,0,0,0,0,1,0
297617,First-Class,162,234,29,7216,204*,35.2,11517,62.65,12,39,932,69,284,21
297617,List A,89,72,5,1924,135,28.71,1935,99.43,2,11,179,34,51,14
297617,T20,129,106,16,1736,78,19.28,1398,124.17,0,4,171,33,51,29
53870,,7,10,2,38,10,4.75,,,0,0,,,3,0
53756,,1,0,0,0,-,,0,,0,0,0,0,0,0
22390,First-Class,18,24,6,72,16,4,,,0,0,,,3,0
22390,List A,23,7,6,28,14*,28,45,62.22,0,0,,,5,0
22392,Tests,1,1,0,11,11,11,34,32.35,0,0,1,0,1,0
22392,ODI,2,2,1,48,44*,48,65,73.84,0,0,2,1,1,0
22392,First-Class,315,497,51,17198,218,38.56,,,38,80,,,172,0
22392,List A,282,264,24,7770,155,32.37,,,6,47,,,66,0
22403,Tests,30,50,7,1052,121,24.46,2437,43.16,1,5,119,12,14,0
22403,ODI,51,41,5,568,57*,15.77,928,61.2,0,1,28,4,12,0
22403,First-Class,276,438,57,12395,186,32.53,,,21,62,,,167,0
22403,List A,362,323,47,7317,148,26.51,,,5,30,,,101,0
22403,T20,33,31,0,570,55,18.38,493,115.61,0,2,71,13,8,0
22405,Tests,2,2,0,0,0,0,,,0,0,0,0,0,0
22405,First-Class,337,395,104,3080,58*,10.58,,,0,5,,,106,0
22405,List A,60,41,11,302,28,10.06,,,0,0,,,10,0
23513,First-Class,39,55,5,659,65,13.18,1349,48.85,0,2,85,9,12,0
23513,List A,89,53,16,558,41*,15.08,649,85.97,0,0,51,12,29,0
23513,T20,148,64,30,486,37*,14.29,360,135,0,0,41,23,58,0
22408,Tests,15,22,9,239,29,18.38,,,0,0,,0,6,0
22408,First-Class,472,765,102,12202,192,18.4,,,6,41,,,428,0
53871,,3,5,0,75,40,15,,,0,0,,,1,0
22420,Tests,4,7,0,209,76,29.85,,,0,2,,1,7,0
22420,First-Class,371,601,44,21592,248,38.76,,,51,103,,,317,15
22430,First-Class,119,167,21,3688,144,25.26,,,5,13,,,40,0
22430,List A,156,112,31,1483,91,18.3,,,0,7,,,35,0
53872,,3,3,0,66,27,22,,,0,0,,,0,0
53874,,13,24,2,436,90,19.81,,,0,3,,,7,0
22434,Tests,3,2,1,3,2,3,,,0,0,0,0,0,0
22434,First-Class,77,69,27,321,48,7.64,,,0,0,,,53,0
53875,,9,7,0,51,17,7.28,,,0,0,,,0,0
308251,ODI,64,37,15,538,51,24.45,602,89.36,0,2,46,15,26,0
308251,,43,26,11,226,33*,15.06,173,130.63,0,0,15,13,17,0
308251,First-Class,77,108,16,2515,104*,27.33,3945,63.75,2,14,302,58,18,0
308251,List A,147,102,23,2020,167,25.56,2119,95.32,3,7,174,73,52,0
308251,T20,270,203,45,3720,118,23.54,2749,135.32,2,14,288,183,115,0
22442,Tests,26,50,6,1184,102*,26.9,2794,42.37,2,5,160,4,3,0
22442,ODI,26,24,1,538,64,23.39,855,62.92,0,5,49,0,4,0
22442,First-Class,559,918,121,24361,227,30.56,,,44,101,,,235,0
22442,List A,458,436,43,11105,154,28.25,,,10,67,,,124,0
22453,Tests,1,1,0,38,38,38,52,73.07,0,0,6,0,0,0
22453,First-Class,255,302,63,4457,77,18.64,,,0,13,,,67,0
22453,List A,225,116,41,1039,43,13.85,,,0,0,,,48,0
22457,First-Class,284,447,65,11817,175*,30.93,,,18,55,,,99,0
22457,List A,266,223,48,4263,94,24.36,,,0,22,,,69,0
22462,Tests,90,128,55,840,28*,11.5,2574,32.63,0,0,79,1,39,0
22462,ODI,64,22,14,83,24,10.37,157,52.86,0,0,6,0,22,0
22462,First-Class,308,333,145,2690,72,14.3,,,0,2,,,134,0
22462,List A,293,113,48,615,52*,9.46,,,0,1,,,84,0
22466,Tests,2,4,1,42,18,14,,,0,0,,0,0,0
22466,First-Class,52,80,10,1665,115,23.78,,,1,10,,,34,0
22469,Tests,6,7,1,75,42,12.5,,,0,0,7,1,1,0
22469,First-Class,422,533,91,6230,112,14.09,,,1,10,,,250,0
22469,List A,65,51,8,501,46,11.65,,,0,0,,,22,0
22471,Tests,1,2,0,10,5,5,47,21.27,0,0,0,0,0,0
22471,First-Class,136,190,28,3565,142,22,,,4,15,,,106,0
466619,,1,1,0,13,13,13,53,24.52,0,0,0,0,0,0
466619,,33,23,2,468,85*,22.28,532,87.96,0,2,41,5,14,0
466619,,30,26,10,356,43*,22.25,359,99.16,0,0,22,2,7,0
22475,First-Class,17,26,4,353,55,16.04,,,0,1,,,37,3
22475,List A,19,13,2,50,17,4.54,,,0,0,,,17,3
22478,First-Class,170,302,21,9103,184,32.39,,,16,47,,,92,0
22478,List A,225,211,28,4936,117,26.97,,,3,25,,,74,0
22478,T20,10,7,1,69,29,11.5,83,83.13,0,0,4,1,6,0
517572,,5,9,0,166,35,18.44,510,32.54,0,0,22,2,1,0
517572,,55,55,4,1186,123,23.25,1789,66.29,1,3,136,7,19,0
517572,,44,35,6,596,74,20.55,552,107.97,0,3,71,5,17,1
53881,,7,5,3,24,15,12,,,0,0,,,1,0
518666,First-Class,2,0,0,0,-,,0,,0,0,0,0,0,0
518666,List A,1,0,0,0,-,,0,,0,0,0,0,0,0
247235,Tests,48,79,15,1754,137*,27.4,3306,53.05,1,6,225,7,20,0
247235,ODI,112,78,22,1386,95*,24.75,1543,89.82,0,5,103,19,47,0
247235,,29,14,7,140,37,20,100,140,0,0,9,7,10,0
247235,First-Class,167,249,53,6422,152*,32.76,,,10,25,,,68,0
247235,List A,194,131,38,2127,95*,22.87,2363,90.01,0,6,160,32,64,0
247235,T20,147,87,44,961,57*,22.34,712,134.97,0,2,77,34,54,0
1146066,,1,0,0,0,-,,0,,0,0,0,0,1,0
1146066,,3,0,0,0,-,,0,,0,0,0,0,2,0
1146066,,10,2,0,13,13,6.5,14,92.85,0,0,1,0,2,0
22496,Tests,4,5,1,80,53,20,,,0,1,,0,10,1
22496,First-Class,420,500,83,8842,123*,21.2,,,1,43,,,631,255
22498,Tests,12,21,0,454,90,21.61,,,0,2,64,0,6,0
22498,ODI,13,12,2,314,78*,31.4,647,48.53,0,2,,,6,0
22498,First-Class,357,591,75,17453,198,33.82,,,30,81,,,283,0
22498,List A,291,254,41,6041,116,28.36,,,3,39,,,116,0
310525,First-Class,43,62,6,1326,105*,23.67,2051,64.65,1,6,176,13,14,0
310525,List A,79,45,14,400,41,12.9,413,96.85,0,0,36,4,24,0
310525,T20,185,70,27,504,31,11.72,454,111.01,0,0,42,11,45,0
22500,Tests,3,2,0,7,6,3.5,,,0,0,,0,5,1
22500,First-Class,101,157,18,2773,128,19.94,,,1,10,,,116,53
226318,List A,1,1,0,26,26,26,25,104,0,0,4,0,0,0
22502,Tests,4,4,1,204,134*,68,,,1,1,,0,2,1
22502,First-Class,316,422,96,5523,134*,16.94,,,1,17,,,556,118
573170,ODI,1,1,0,10,10,10,10,100,0,0,1,0,0,0
573170,,4,1,0,3,3,3,4,75,0,0,0,0,1,0
573170,First-Class,61,89,16,1882,119,25.78,3174,59.29,2,7,265,12,19,0
573170,List A,5,4,2,83,52,41.5,71,116.9,0,1,8,2,0,0
573170,T20,121,47,21,224,33*,8.61,216,103.7,0,0,11,6,40,0
351588,Tests,31,52,9,724,52,16.83,1031,70.22,0,1,95,18,8,0
351588,ODI,59,19,11,72,14,9,91,79.12,0,0,7,0,13,0
351588,,28,3,3,11,5*,,13,84.61,0,0,1,0,3,0
351588,First-Class,72,116,21,1890,72*,19.89,3178,59.47,0,5,256,24,17,0
351588,List A,93,35,16,134,24,7.05,174,77.01,0,0,10,1,23,0
351588,T20,53,16,9,118,27*,16.85,109,108.25,0,0,11,1,9,0
22509,First-Class,136,236,21,7052,207,32.8,,,16,31,,,118,0
22509,List A,152,141,15,3464,160,27.49,,,5,16,,,60,0
22509,T20,15,15,3,328,96*,27.33,266,123.3,0,2,35,7,11,0
22511,First-Class,30,45,5,1179,155,29.47,,,1,5,,,5,0
22511,List A,2,2,0,73,50,36.5,,,0,1,,,0,0
53877,,1,1,0,4,4,4,,,0,0,,,0,0
22512,Tests,1,2,0,6,6,3,,,0,0,0,0,0,0
22512,First-Class,12,20,5,235,52,15.66,,,0,2,,,5,0
351998,First-Class,3,4,1,77,45,25.66,192,40.1,0,0,7,0,0,0
351998,List A,13,7,0,64,32,9.14,97,65.97,0,0,6,0,6,0
351998,T20,24,14,6,94,17,11.75,82,114.63,0,0,4,2,5,0
216186,First-Class,10,16,2,213,46*,15.21,636,33.49,0,0,,,3,0
216186,List A,5,1,0,14,14,14,12,116.66,0,0,0,1,2,0
216186,T20,2,2,2,1,1*,,1,100,0,0,0,0,0,0
22492,Tests,6,10,0,154,53,15.4,,,0,1,,0,5,0
22492,First-Class,401,690,35,15345,215,23.42,,,19,62,,,279,0
22518,Tests,64,98,7,3283,154,36.07,,,5,23,,15,64,0
22518,First-Class,978,1530,84,58959,305*,40.77,,,145,295,,,1018,0
22520,Tests,19,34,2,1059,149,33.09,2734,38.73,3,2,131,2,10,0
22520,ODI,6,4,0,21,9,5.25,46,45.65,0,0,1,0,3,0
22520,First-Class,350,545,75,15772,203,33.55,,,34,71,,,239,1
22520,List A,290,235,35,4078,112*,20.39,,,1,17,,,98,0
22526,Tests,9,11,0,321,128,29.18,,,1,1,,0,8,0
22526,First-Class,453,720,59,19221,238*,29.07,,,31,94,,,339,0
23515,First-Class,89,146,10,3684,172,27.08,7291,50.52,6,16,508,14,47,0
23515,List A,73,66,12,1332,79,24.66,1763,75.55,0,7,101,14,16,0
23515,T20,66,51,15,645,63*,17.91,605,106.61,0,2,41,12,15,0
22534,Tests,3,4,0,125,71,31.25,,,0,1,,0,0,0
22534,First-Class,265,461,21,6989,114,15.88,,,2,30,,,195,40
22536,Tests,34,39,13,289,45,11.11,,,0,0,,0,10,0
22536,First-Class,497,703,225,5903,84*,12.34,,,0,16,,,182,0
23460,ODI,50,39,4,707,52,20.2,820,86.21,0,2,63,18,18,0
23460,,51,45,5,759,99*,18.97,554,137,0,4,68,31,14,0
23460,First-Class,144,223,23,7622,226*,38.11,11628,65.54,17,38,,,58,0
23460,List A,211,176,21,5126,166,33.07,,,11,19,,,66,0
23460,T20,344,320,28,8526,153*,29.19,5970,142.81,7,46,904,301,103,0
53878,,2,3,0,18,12,6,,,0,0,,,0,0
53878,,1,0,0,0,-,,0,,0,0,0,0,0,0
254168,,1,2,0,98,54,49,137,71.53,0,1,12,0,1,0
254168,,105,91,13,1841,129,23.6,2093,87.95,2,5,192,26,24,0
254168,,148,127,12,2527,124,21.97,1994,126.73,2,12,305,36,35,0
22545,Tests,40,64,6,1839,149,31.7,,,2,12,,6,16,0
22545,First-Class,739,1141,157,39405,232,40.04,,,85,207,,,416,1
22548,Tests,3,6,0,72,30,12,,,0,0,,0,0,0
22548,First-Class,154,272,20,8318,268,33,,,13,42,,,163,5
23521,Tests,20,34,2,812,99,25.37,,,0,4,,0,14,0
23521,First-Class,446,658,75,18173,183*,31.17,,,27,83,,,328,1
23523,ODI,28,24,8,326,60*,20.37,472,69.06,0,2,20,1,10,0
23523,,14,8,5,96,35*,32,72,133.33,0,0,9,1,8,0
23523,First-Class,193,320,27,10693,257,36.49,,,23,50,,,184,0
23523,List A,209,178,31,3677,98*,25.01,,,0,23,,,75,0
23523,T20,126,94,33,1250,76*,20.49,1214,102.96,0,2,104,12,39,0
23532,Tests,2,2,0,43,43,21.5,,,0,0,,0,1,0
23532,First-Class,171,257,65,2303,81,11.99,,,0,4,,,80,0
23534,Tests,8,10,5,28,10*,5.6,,,0,0,,0,5,0
23534,First-Class,341,392,114,2485,62,8.93,,,0,1,,,150,0
23536,Tests,2,4,0,27,13,6.75,,,0,0,4,0,6,0
23536,First-Class,139,242,11,6653,220,28.8,,,11,38,,,115,29
1145408,List A,8,7,0,73,25,10.42,114,64.03,0,0,5,3,1,0
663613,First-Class,47,78,6,1805,135,25.06,3752,48.1,2,8,201,21,14,0
663613,List A,25,19,0,477,136,25.1,494,96.55,1,1,45,8,6,0
663613,T20,60,49,9,991,92,24.77,729,135.93,0,5,96,32,29,0
1207680,First-Class,7,9,1,54,12,6.75,67,80.59,0,0,7,2,0,0
1207680,List A,11,2,0,3,3,1.5,4,75,0,0,0,0,2,0
1207680,T20,3,1,1,2,2*,,2,100,0,0,0,0,3,0
1292521,First-Class,1,2,0,23,18,11.5,66,34.84,0,0,4,0,2,0
1292521,List A,2,1,0,3,3,3,14,21.42,0,0,0,0,3,0
360911,Tests,9,14,5,35,9,3.88,110,31.81,0,0,4,0,1,0
360911,ODI,9,3,2,8,6*,8,15,53.33,0,0,1,0,1,0
360911,First-Class,63,95,19,799,72,10.51,1928,41.44,0,1,103,12,12,0
360911,List A,78,41,12,309,34,10.65,399,77.44,0,0,27,9,13,0
360911,T20,95,33,18,133,17*,8.86,184,72.28,0,0,11,4,15,0
26511,First-Class,2,3,1,59,33*,29.5,,,0,0,,,5,1
1081436,First-Class,1,2,0,25,14,12.5,52,48.07,0,0,3,0,0,0
1081436,List A,15,15,0,309,54,20.6,446,69.28,0,2,38,5,6,0
1081436,T20,5,5,0,86,47,17.2,86,100,0,0,9,2,3,0
1070183,First-Class,20,30,2,872,100,31.14,1259,69.26,1,4,110,21,18,0
1070183,List A,47,46,3,1452,169*,33.76,1582,91.78,3,5,179,38,18,0
1070183,T20,78,76,12,1702,107,26.59,1250,136.16,1,10,168,67,22,0
26169,Tests,29,53,3,1018,81,20.36,,,0,6,,0,32,0
26169,ODI,5,3,0,93,70,31,132,70.45,0,1,6,1,0,0
26169,First-Class,212,333,35,8732,173*,29.3,,,13,41,,,190,5
26169,List A,12,8,2,169,70,28.16,,,0,1,,,5,0
26504,First-Class,30,47,6,530,54,12.92,1229,43.12,0,1,,,11,0
26504,List A,24,20,2,202,44,11.22,201,100.49,0,0,,,4,0
26504,T20,25,24,1,278,39,12.08,213,130.51,0,0,22,14,11,0
26179,Tests,21,36,8,872,114*,31.14,,,1,4,,1,8,0
26179,First-Class,152,236,28,8683,230*,41.74,,,17,45,,,97,0
26184,Tests,26,39,5,571,109*,16.79,1081,52.82,1,0,83,3,6,0
26184,ODI,191,113,26,1269,95,14.58,1574,80.62,0,3,103,22,52,0
26184,,4,2,0,15,14,7.5,11,136.36,0,0,2,0,0,0
26184,First-Class,110,139,23,3336,145,28.75,,,4,16,,,37,0
26184,List A,270,173,43,2275,95,17.5,,,0,8,,,69,0
26184,T20,62,35,15,286,39,14.3,228,125.43,0,0,23,8,10,0
26304,First-Class,1,2,1,19,18*,19,,,0,0,,,1,0
398438,Tests,21,36,0,1488,243,41.33,2782,53.48,4,6,189,28,14,0
398438,ODI,5,5,0,86,32,17.2,83,103.61,0,0,12,1,2,0
398438,First-Class,93,160,7,7039,304*,46,11884,59.23,15,39,902,91,56,0
398438,List A,104,104,5,4637,176,46.83,4721,98.22,13,22,553,79,38,0
398438,T20,195,189,13,4548,111,25.84,3389,134.19,2,26,454,161,81,0
53913,,13,23,1,1110,190,50.45,,,4,4,,,2,0
53913,,21,21,3,567,72,31.5,,,0,4,,,4,0
26375,First-Class,3,6,2,47,30,11.75,,,0,0,,,0,0
228430,First-Class,68,93,9,1284,61*,15.28,2249,57.09,0,2,180,17,17,0
228430,List A,61,44,13,490,62*,15.8,584,83.9,0,1,41,17,12,0
228430,T20,80,41,13,241,26*,8.6,216,111.57,0,0,14,11,10,0
942645,ODI,11,3,1,9,5,4.5,17,52.94,0,0,1,0,1,0
942645,,14,1,1,1,1*,,1,100,0,0,0,0,3,0
942645,First-Class,6,8,5,41,18*,13.66,90,45.55,0,0,6,1,1,0
942645,List A,50,14,5,40,15,4.44,71,56.33,0,0,2,1,8,0
942645,T20,91,12,5,10,3*,1.42,29,34.48,0,0,0,0,17,0
1081218,T20,12,9,2,92,22,13.14,73,126.02,0,0,5,4,2,2
1175458,First-Class,5,8,2,65,30*,10.83,137,47.44,0,0,13,0,2,0
1175458,List A,10,9,1,20,11,2.5,62,32.25,0,0,1,0,2,0
1175458,T20,15,5,1,42,17,10.5,50,84,0,0,5,0,2,0
54286,,5,7,2,46,16*,9.2,193,23.83,0,0,6,0,0,0
54286,,78,27,8,153,21,8.05,313,48.88,0,0,16,0,17,0
54286,,2,0,0,0,-,,0,,0,0,0,0,0,0
253804,First-Class,6,7,2,42,15*,8.4,90,46.66,0,0,3,2,2,0
26228,Tests,7,14,1,292,51,22.46,,,0,1,,2,3,0
26228,First-Class,92,150,12,3344,140*,24.23,,,5,18,,,77,0
26223,Tests,24,40,4,878,118,24.38,,,1,4,,0,13,0
26223,First-Class,186,286,34,10426,262,41.37,,,31,39,,,96,2
26225,Tests,69,113,10,4378,138,42.5,,,11,24,,21,47,0
26225,ODI,85,75,12,1924,102*,30.53,3334,57.7,2,13,,,23,0
26225,First-Class,248,379,61,13747,207,43.22,,,30,67,,,153,0
26225,List A,109,99,17,2701,102*,32.93,,,2,18,,,26,0
26226,Tests,10,18,0,550,124,30.55,,,1,3,,1,4,0
26226,ODI,3,3,0,100,62,33.33,119,84.03,0,1,,,1,0
26226,First-Class,145,230,28,8175,235*,40.47,,,16,47,,,47,0
26226,List A,20,20,4,582,102*,36.37,,,1,3,,,3,0
26238,Tests,11,13,3,425,103,42.5,1126,37.74,1,3,44,3,9,0
26238,ODI,37,30,5,513,84*,20.52,799,64.2,0,2,28,2,12,0
26238,First-Class,86,134,15,5815,246,48.86,,,17,25,,,58,0
26238,List A,113,103,16,2382,103*,27.37,,,1,14,,,32,0
26797,First-Class,40,48,13,461,84,13.17,1320,34.92,0,2,55,4,15,0
26797,List A,20,9,6,29,10*,9.66,37,78.37,0,0,0,2,2,0
26797,T20,31,4,3,11,8,11,6,183.33,0,0,0,1,16,0
26798,First-Class,23,36,1,1031,113,29.45,1554,66.34,1,7,,,18,0
26798,List A,66,65,4,2063,134,33.81,2287,90.2,2,13,,,18,0
26798,T20,71,61,13,1257,77,26.18,1009,124.57,0,7,119,47,28,0
960673,,6,2,1,6,4,6,14,42.85,0,0,0,0,0,0
26257,Tests,1,1,0,6,6,6,11,54.54,0,0,1,0,0,0
26257,ODI,20,13,4,34,9,3.77,42,80.95,0,0,1,1,2,0
26257,First-Class,54,56,11,707,63,15.71,,,0,1,,,22,0
26257,List A,75,42,14,325,43*,11.6,,,0,0,,,18,0
1175467,List A,3,2,1,10,10*,10,10,100,0,0,1,0,1,0
1175467,T20,9,6,2,71,37,17.75,55,129.09,0,0,1,5,2,0
851261,First-Class,36,52,3,2197,267,44.83,3595,61.11,6,10,285,19,32,0
851261,List A,43,39,4,1425,141,40.71,1605,88.78,4,8,149,34,9,0
851261,T20,53,40,2,844,84,22.21,730,115.61,0,5,78,21,24,0
1123073,First-Class,27,42,2,1150,134,28.75,2046,56.2,3,3,122,24,70,13
1123073,List A,23,18,3,580,95*,38.66,681,85.16,0,5,45,22,30,6
1123073,T20,50,42,9,755,88*,22.87,650,116.15,0,3,56,40,40,8
1255374,,1,1,0,2,2,2,5,40,0,0,0,0,0,0
1255374,,2,0,0,0,-,,0,,0,0,0,0,0,0
477071,First-Class,90,141,23,4571,212,38.73,10563,43.27,11,23,485,42,86,0
477071,List A,100,96,13,3768,137,45.39,4671,80.66,7,27,275,55,46,0
477071,T20,60,51,11,1139,67,28.47,1040,109.51,0,4,80,30,30,0
269170,First-Class,36,40,22,238,45,13.22,660,36.06,0,0,32,2,12,0
269170,List A,28,13,9,45,9*,11.25,61,73.77,0,0,5,0,12,0
269170,T20,24,6,5,13,9*,13,10,130,0,0,2,0,7,0
26268,Tests,1,2,0,15,8,7.5,,,0,0,,0,0,0
26268,First-Class,58,91,8,2782,165,33.51,,,6,15,,,14,1
26269,Tests,7,13,2,542,163*,49.27,,,1,3,,0,2,0
26269,First-Class,67,102,16,3336,165*,38.79,,,6,16,,,27,0
290632,,1,0,0,0,-,,0,,0,0,0,0,0,0
290632,First-Class,56,64,29,455,51,13,942,48.3,0,2,58,5,17,0
290632,List A,41,21,8,107,38*,8.23,163,65.64,0,0,5,2,11,0
290632,T20,84,27,18,105,14*,11.66,105,100,0,0,11,0,24,0
26432,First-Class,10,15,3,78,17,6.5,208,37.5,0,0,10,1,5,0
26432,List A,3,2,0,2,1,1,5,40,0,0,0,0,0,0
26432,T20,6,4,0,33,19,8.25,19,173.68,0,0,3,2,3,0
1175464,List A,8,8,1,219,70,31.28,244,89.75,0,1,25,8,0,0
960369,First-Class,15,28,2,769,127,29.57,1592,48.3,3,1,90,9,21,0
960369,List A,15,15,2,546,105,42,659,82.85,1,2,51,11,4,0
960369,T20,1,1,0,27,27,27,16,168.75,0,0,4,1,2,0
642539,First-Class,7,9,2,105,63,15,165,63.63,0,1,10,5,2,0
642539,List A,22,9,2,75,30,10.71,118,63.55,0,0,3,1,4,0
642539,T20,45,11,5,17,5*,2.83,24,70.83,0,0,0,0,9,0
26290,Tests,13,19,4,257,57,17.13,800,32.12,0,1,25,0,2,0
26290,ODI,32,17,7,116,31*,11.6,162,71.6,0,0,6,0,5,0
26290,First-Class,98,129,22,3014,206*,28.16,,,2,16,,,44,0
26290,List A,54,30,11,281,71,14.78,,,0,1,,,12,0
1125976,ODI,3,1,0,9,9,9,9,100,0,0,0,1,0,0
1125976,,33,8,6,32,12,16,24,133.33,0,0,3,1,11,0
1125976,First-Class,12,16,5,126,26,11.45,160,78.75,0,0,16,5,6,0
1125976,List A,20,6,2,26,9,6.5,33,78.78,0,0,2,1,4,0
1125976,T20,98,20,14,57,12,9.5,61,93.44,0,0,6,1,27,0
26295,Tests,16,29,1,729,93,26.03,,,0,6,,0,13,0
26295,ODI,13,13,0,122,51,9.38,232,52.58,0,1,10,1,4,0
26295,First-Class,156,240,18,10421,287,46.94,,,30,43,,,145,0
26295,List A,65,64,4,1734,90,28.9,,,0,12,,,22,0
26293,Tests,2,2,1,4,2*,4,,,0,0,0,0,2,0
26293,ODI,4,3,1,21,8,10.5,32,65.62,0,0,2,0,0,0
26293,First-Class,48,62,8,1652,149,30.59,,,4,4,,,23,0
26293,List A,14,11,2,137,29,15.22,,,0,0,,,2,0
26291,First-Class,109,176,8,7208,178,42.9,,,20,36,,,85,0
26291,List A,100,99,4,3227,154*,33.96,,,7,19,,,21,0
26291,T20,7,7,0,79,31,11.28,78,101.28,0,0,13,1,0,0
26540,First-Class,3,4,2,2,2*,1,,,0,0,0,0,0,0
1060201,First-Class,4,6,2,6,6*,1.5,65,9.23,0,0,1,0,2,0
1060201,List A,3,1,0,2,2,2,16,12.5,0,0,0,0,0,0
26421,Tests,94,132,15,3185,124,27.22,5832,54.61,5,14,365,20,32,0
26421,ODI,113,63,20,707,65,16.44,813,86.96,0,1,60,7,30,0
26421,,65,19,12,184,31*,26.28,160,114.99,0,0,17,4,11,0
26421,First-Class,150,209,32,5097,124,28.79,9298,54.81,7,25,627,26,57,0
26421,List A,173,103,27,1346,79,17.71,1740,77.35,0,4,104,13,49,0
26421,T20,309,126,51,1114,50,14.85,927,120.17,0,1,95,34,70,0
26319,First-Class,32,48,3,801,78,17.8,,,0,5,,,11,0
26319,List A,24,21,5,185,22*,11.56,,,0,0,,,8,0
694211,ODI,5,2,0,13,10,6.5,18,72.22,0,0,2,0,3,0
694211,,15,3,2,10,8,10,7,142.85,0,0,0,1,7,0
694211,First-Class,38,43,9,469,64,13.79,843,55.63,0,1,35,27,6,0
694211,List A,33,21,8,98,28,7.53,122,80.32,0,0,6,5,11,0
694211,T20,87,19,9,59,12,5.9,52,113.46,0,0,3,5,21,0
26487,First-Class,38,56,3,923,125,17.41,1787,51.65,1,4,120,12,7,0
26487,List A,34,22,8,304,40,21.71,466,65.23,0,0,23,3,10,0
26487,T20,22,11,4,103,21*,14.71,108,95.37,0,0,12,1,7,0
1171647,First-Class,10,18,1,387,91,22.76,768,50.39,0,3,56,2,3,0
1171647,List A,13,13,2,443,78,40.27,546,81.13,0,5,38,8,5,0
1171647,T20,16,15,0,338,96,22.53,283,119.43,0,1,42,7,4,0
26325,Tests,7,12,0,135,24,11.25,,,0,0,,0,3,0
26325,ODI,25,21,2,269,39*,14.15,400,67.25,0,0,,,7,0
26325,First-Class,142,182,14,6634,215,39.48,,,20,27,,,95,0
26325,List A,72,62,6,1521,94,27.16,,,0,8,,,22,0
26329,Tests,99,147,9,6215,199,45.03,,,22,21,,19,105,0
26329,ODI,334,308,54,9378,153*,36.92,12669,74.02,7,58,,,156,0
26329,First-Class,229,343,38,15855,226,51.98,,,54,74,,,220,0
26329,List A,432,399,70,12931,161*,39.3,,,11,85,,,200,0
26794,First-Class,31,52,1,1120,88,21.96,2418,46.31,0,8,,,17,0
26794,List A,44,43,1,1218,108*,29,1552,78.47,1,11,,,2,0
26794,T20,27,26,2,568,75,23.66,516,110.07,0,4,53,22,3,0
26802,Tests,4,7,1,94,38,15.66,248,37.9,0,0,11,1,6,0
26802,ODI,40,36,10,867,100,33.34,1180,73.47,1,4,68,10,13,0
26802,First-Class,121,168,21,6758,164,45.97,,,14,45,,,84,0
26802,List A,148,137,32,4212,111*,40.11,,,5,24,,,60,0
26802,T20,18,16,3,335,42,25.76,281,119.21,0,0,30,8,5,0
1151270,First-Class,3,4,0,231,191,57.75,269,85.87,1,0,29,8,2,0
1151270,List A,5,4,1,111,91*,37,91,121.97,0,1,11,5,3,0
1151270,T20,41,31,8,532,59*,23.13,398,133.66,0,2,33,24,15,0
26806,Tests,2,3,0,63,56,21,178,35.39,0,1,8,0,2,0
26806,ODI,7,6,1,79,27*,15.8,172,45.93,0,0,4,0,2,0
26806,,1,1,0,43,43,43,37,116.21,0,0,5,0,0,0
26806,First-Class,145,216,28,10245,250,54.49,,,32,45,,,96,0
26806,List A,144,132,19,4164,134,36.84,5545,75.09,6,28,,,54,0
26806,T20,142,110,30,2300,71*,28.75,2040,112.74,0,13,217,42,27,0
1204925,,1,0,0,0,-,,0,,0,0,0,0,0,0
1204925,,6,1,0,10,10,10,6,166.66,0,0,2,0,1,0
26815,Tests,2,4,1,39,21*,13,105,37.14,0,0,3,1,1,0
26815,ODI,8,4,1,23,11,7.66,29,79.31,0,0,2,0,3,0
26815,First-Class,188,242,48,6176,134*,31.83,,,9,26,,,82,0
26815,List A,143,87,28,1367,105,23.16,,,1,2,,,47,0
26815,T20,12,8,3,106,64,21.2,79,134.17,0,1,7,2,2,0
26817,Tests,10,18,0,428,112,23.77,,,1,2,,0,6,0
26817,First-Class,235,391,29,12367,224*,34.16,,,21,64,,,154,0
604534,First-Class,52,78,6,2452,161,34.05,4310,56.89,6,8,339,13,99,23
604534,List A,48,47,1,961,173*,20.89,1233,77.93,1,3,91,21,43,11
604534,T20,53,49,4,894,68,19.86,823,108.62,0,6,103,17,32,13
26829,Tests,8,9,0,51,31,5.66,126,40.47,0,0,5,1,1,0
26829,ODI,30,16,6,120,21*,12,152,78.94,0,0,8,3,11,0
26829,,5,0,0,0,-,,0,,0,0,0,0,0,0
26829,First-Class,106,115,16,1202,49*,12.14,,,0,0,,,38,0
26829,List A,100,52,17,328,28*,9.37,439,74.71,0,0,,,27,0
26829,T20,104,20,9,54,15,4.9,62,87.09,0,0,4,2,16,0
1292500,List A,2,1,0,1,1,1,6,16.66,0,0,0,0,0,0
1292500,T20,8,8,0,114,43,14.25,103,110.67,0,0,9,5,6,3
27569,First-Class,64,89,4,2025,100,23.82,3604,56.18,1,10,273,21,23,0
27569,List A,43,39,6,806,101*,24.42,,,2,3,,,8,0
27569,T20,33,32,5,389,53*,14.4,357,108.96,0,1,25,12,5,0
27172,First-Class,1,2,0,4,4,2,,,0,0,,,0,0
27014,First-Class,23,40,5,1118,176,31.94,3033,36.86,2,4,128,0,12,0
26849,Tests,1,1,0,0,0,0,,,0,0,0,0,3,0
26849,First-Class,26,44,11,232,31,7.03,,,0,0,,,13,0
26851,Tests,1,2,0,13,8,6.5,,,0,0,,1,0,0
26851,First-Class,138,209,29,3715,138,20.63,,,5,11,,,74,0
26853,Tests,1,1,0,3,3,3,7,42.85,0,0,0,0,0,0
26853,ODI,6,5,3,49,25*,24.5,42,116.66,0,0,2,1,3,0
26853,First-Class,59,73,8,1200,81,18.46,,,0,7,,,29,0
26853,List A,49,37,16,490,50*,23.33,,,0,1,,,12,0
54124,,12,22,0,614,75,27.9,,,0,6,,,3,0
54124,,26,26,0,409,61,15.73,,,0,2,,,6,0
27225,Tests,12,18,2,470,100*,29.37,1447,32.48,1,3,57,3,4,0
27225,ODI,15,15,2,180,57*,13.84,239,75.31,0,1,14,3,4,0
27225,First-Class,165,271,19,8349,212,33.13,,,13,49,,,143,0
27225,List A,112,104,8,2560,139,26.66,,,3,15,,,31,0
27225,T20,33,28,3,381,67,15.24,306,124.5,0,2,35,17,6,0
26860,Tests,1,2,1,16,12,16,,,0,0,,0,0,0
26860,First-Class,31,54,4,928,113,18.56,,,1,5,,,12,0
398519,First-Class,38,63,1,1547,130,24.95,3191,48.48,1,9,228,5,50,2
398519,List A,38,38,2,1030,91*,28.61,1380,74.63,0,8,120,7,24,5
398519,T20,20,20,1,717,122,37.73,489,146.62,1,5,85,21,6,0
27179,First-Class,20,26,12,289,49*,20.64,,,0,0,,,14,0
54234,,5,6,0,20,5,3.33,,,0,0,,,2,0
54234,,6,5,3,26,10,13,,,0,0,,,2,0
942649,List A,1,1,0,0,0,0,12,0,0,0,0,0,0,0
942649,T20,2,1,1,0,0*,,0,,0,0,0,0,0,0
1292502,First-Class,2,4,1,152,44,50.66,319,47.64,0,0,22,0,0,0
1292502,List A,2,2,0,4,4,2,13,30.76,0,0,0,0,1,0
1292502,T20,6,5,2,89,40*,29.66,73,121.91,0,0,3,6,1,0
26872,ODI,13,10,3,158,51,22.57,183,86.33,0,1,11,5,4,0
26872,First-Class,64,102,8,3136,159,33.36,,,10,15,,,26,0
26872,List A,60,53,7,1217,78,26.45,,,0,8,,,20,0
26875,Tests,67,101,28,656,50*,8.98,,,0,1,,3,26,0
26875,ODI,10,7,2,31,13,6.2,70,44.28,0,0,,0,4,0
26875,First-Class,370,426,111,3584,61,11.37,,,0,7,,,172,0
26875,List A,72,45,13,218,24*,6.81,,,0,0,,,21,0
54235,,2,4,0,34,16,8.5,,,0,0,,,2,0
54235,,11,11,3,63,18*,7.87,,,0,0,,,0,0
27186,First-Class,2,3,1,32,15*,16,,,0,0,,,1,0
27186,List A,4,3,0,10,4,3.33,,,0,0,,,0,0
26896,ODI,2,1,1,0,0*,,0,,0,0,0,0,0,0
26896,First-Class,95,107,37,883,72,12.61,,,0,2,,,45,0
26896,List A,105,42,14,175,18*,6.25,,,0,0,,,20,0
26897,Tests,3,4,0,77,39,19.25,,,0,0,,0,1,0
26897,First-Class,63,86,8,2552,227,32.71,,,4,11,,,50,0
529436,Tests,5,8,1,129,44,18.42,226,57.07,0,0,10,5,12,1
529436,First-Class,91,143,12,4836,308,36.91,8097,59.72,9,27,602,86,308,36
529436,List A,64,64,6,1950,161*,33.62,2533,76.98,6,6,197,37,69,13
529436,T20,67,62,5,1116,78*,19.57,1022,109.19,0,5,97,40,48,13
27192,First-Class,95,124,21,5443,222*,52.84,,,18,21,,,100,1
27192,List A,37,33,9,926,104,38.58,,,1,6,,,9,0
26928,Tests,2,3,1,6,6,3,,,0,0,,0,0,0
26928,First-Class,82,83,25,754,47*,13,,,0,0,,,41,0
26928,List A,12,6,4,15,7*,7.5,,,0,0,,,3,0
26907,First-Class,112,157,25,6482,212*,49.1,,,17,30,,,41,0
26907,List A,119,105,31,3038,106*,41.05,,,3,19,,,45,0
26907,T20,146,95,37,1251,107*,21.56,1079,115.94,1,1,85,43,46,0
883423,,2,3,1,66,44*,33,169,39.05,0,0,9,0,4,0
883423,,19,11,2,138,68,15.33,199,69.34,0,1,13,0,18,9
883423,,53,23,4,172,46,9.05,189,91,0,0,17,1,23,45
960715,,1,2,0,22,19,11,52,42.3,0,0,3,0,0,0
960715,,22,21,0,513,64,24.42,701,73.18,0,4,59,1,12,9
960715,,18,13,1,178,35,14.83,213,83.56,0,0,18,2,5,8
54236,,5,7,2,123,42,24.6,,,0,0,,,1,0
54236,,22,15,4,136,33*,12.36,,,0,0,,,4,0
27197,First-Class,18,28,2,684,86,26.3,,,0,5,,,10,0
27197,List A,10,10,1,241,70,26.77,,,0,2,,,1,0
54237,,1,1,0,7,7,7,,,0,0,,,0,0
54237,,15,12,3,40,14*,4.44,,,0,0,,,4,0
27260,First-Class,48,57,16,1163,123,28.36,,,1,4,,,36,0
27260,List A,11,11,0,153,36,13.9,,,0,0,,,6,0
642531,First-Class,63,101,10,3908,187,42.94,7821,49.96,14,15,429,54,64,3
642531,List A,65,61,14,2074,112*,44.12,2510,82.62,3,16,171,70,28,1
642531,T20,55,53,11,1263,108*,30.07,955,132.25,1,7,84,67,11,0
26942,ODI,2,1,0,6,6,6,13,46.15,0,0,0,0,0,0
26942,First-Class,61,70,9,1355,85*,22.21,,,0,6,,,27,0
26942,List A,24,15,7,135,23,16.87,,,0,0,,,8,0
27565,First-Class,55,80,10,3223,297,46.04,,,10,15,,,41,0
27565,List A,27,26,4,404,71,18.36,,,0,3,,,15,1
26946,First-Class,25,44,0,1433,157,32.56,3307,43.33,2,5,173,1,15,0
26946,List A,16,16,0,495,96,30.93,646,76.62,0,5,47,11,4,0
26946,T20,19,19,3,377,80*,23.56,350,107.71,0,3,44,3,4,0
26948,Tests,27,41,5,830,83*,23.05,,,0,5,,5,11,0
26948,ODI,72,49,10,629,57,16.12,1046,60.13,0,1,,,12,0
26948,First-Class,136,215,22,6579,211*,34.08,,,14,33,,,91,0
26948,List A,113,87,14,1038,69,14.21,,,0,5,,,25,0
27223,Tests,6,10,1,194,78,21.55,333,58.25,0,1,23,1,4,0
27223,ODI,14,11,3,230,77,28.75,246,93.49,0,1,23,5,3,0
27223,,3,2,0,35,24,17.5,29,120.68,0,0,2,1,0,0
27223,First-Class,95,145,5,4796,189,34.25,6991,68.6,11,22,,,34,0
27223,List A,100,85,15,1788,107,25.54,1922,93.02,1,10,,,30,0
27223,T20,150,116,34,1641,52,20.01,1301,126.13,0,1,118,64,38,0
442048,,1,1,1,0,0*,,1,0,0,0,0,0,0,0
442048,,63,36,15,172,18*,8.19,271,63.46,0,0,15,0,16,0
442048,,42,14,6,40,15,5,60,66.66,0,0,2,1,6,0
27280,First-Class,49,78,5,2207,168,30.23,3860,57.17,4,11,,,145,13
27280,List A,48,47,5,1132,104,26.95,1568,72.19,1,6,,,29,17
27280,T20,65,64,3,1324,92,21.7,1196,110.7,0,6,143,35,40,15
27209,First-Class,41,59,5,2170,160,40.18,,,5,13,,,16,0
27209,List A,20,15,2,281,53,21.61,,,0,1,,,4,0
26957,First-Class,66,112,3,3447,235,31.62,,,5,17,,,36,0
26957,List A,34,34,3,466,61,15.03,,,0,1,,,15,0
26962,Tests,55,97,11,3061,177*,35.59,,,5,18,,,37,0
26962,First-Class,251,370,57,12805,207*,40.91,,,30,72,,,160,0
26966,ODI,1,1,0,13,13,13,18,72.22,0,0,1,0,0,0
26966,First-Class,78,128,6,3757,170,30.79,,,8,17,,,40,0
26966,List A,8,7,1,115,52,19.16,,,0,1,,,3,0
54238,,2,1,0,7,7,7,,,0,0,,,0,0
54239,,6,9,6,45,19*,15,,,0,0,,,0,0
54239,,20,11,4,44,11,6.28,,,0,0,,,1,0
252229,,1,1,1,0,0*,,29,0,0,0,0,0,0,0
252229,,1,0,0,0,-,,0,,0,0,0,0,0,0
625383,Tests,30,46,17,212,34*,7.31,455,46.59,0,0,24,6,8,0
625383,ODI,73,21,13,63,16,7.87,107,58.87,0,0,8,1,17,0
625383,,62,7,5,8,7,4,13,61.53,0,0,1,0,7,0
625383,First-Class,58,76,37,392,55*,10.05,1007,38.92,0,1,45,8,17,0
625383,List A,98,34,20,126,42*,9,165,76.36,0,0,13,4,25,0
625383,T20,212,37,26,90,16*,8.18,105,85.71,0,0,6,3,30,0
26972,First-Class,164,261,32,10004,188,43.68,,,26,54,,,103,0
26972,List A,82,77,21,2299,125*,41.05,,,1,13,,,31,0
26972,T20,8,8,0,110,32,13.75,130,84.61,0,0,8,1,4,0
27760,First-Class,9,13,0,415,100,31.92,982,42.26,1,2,57,0,3,0
27760,List A,4,3,0,25,23,8.33,49,51.02,0,0,3,0,1,0
27760,T20,2,1,0,10,10,10,15,66.66,0,0,0,0,2,0
430246,ODI,72,14,5,77,18*,8.55,141,54.6,0,0,8,0,16,0
430246,,80,6,4,6,3*,3,13,46.15,0,0,0,0,14,0
430246,First-Class,33,50,10,340,42,8.5,1133,30,0,0,41,2,12,0
430246,List A,129,48,21,300,24*,11.11,530,56.6,0,0,28,1,27,0
430246,T20,283,42,26,79,10,4.93,149,53.02,0,0,1,0,61,0
447261,ODI,13,9,3,203,69*,33.83,207,98.06,0,2,17,8,1,0
447261,,24,6,5,53,31,53,26,203.84,0,0,4,4,2,0
447261,First-Class,47,66,11,1001,57*,18.2,1787,56.01,0,2,129,33,19,0
447261,List A,58,41,6,599,69*,17.11,712,84.12,0,3,41,31,10,0
447261,T20,132,45,21,319,55*,13.29,240,132.91,0,1,16,23,26,0
1064812,ODI,1,1,0,13,13,13,25,52,0,0,0,0,0,0
1064812,,6,1,0,5,5,5,5,100,0,0,1,0,3,0
1064812,First-Class,20,23,4,380,84,20,575,66.08,0,1,39,13,5,0
1064812,List A,47,32,8,262,48,10.91,325,80.61,0,0,12,13,14,0
1064812,T20,105,41,17,188,25*,7.83,193,97.4,0,0,17,5,36,0
54240,,11,11,5,35,26,5.83,,,0,0,,,1,0
54240,,14,8,6,23,14*,11.5,,,0,0,,,2,0
54241,,1,2,1,0,0*,0,,,0,0,,,0,0
27591,Tests,58,80,39,167,22,4.07,,,0,0,,0,25,0
27591,ODI,1,1,1,11,11*,,13,84.61,0,0,,,0,0
27591,First-Class,246,244,114,600,25,4.61,,,0,0,,,107,0
27591,List A,7,3,2,25,14*,25,,,0,0,,,1,0
27592,ODI,7,7,0,88,53,12.57,162,54.32,0,1,11,0,0,0
27592,First-Class,81,124,8,4999,237*,43.09,,,10,23,,,54,2
27592,List A,41,41,1,1053,88,26.32,,,0,7,,,6,1
27603,ODI,3,2,1,6,3*,6,30,20,0,0,0,0,1,0
27603,First-Class,129,155,27,2699,120,21.08,,,1,9,,,84,0
27603,List A,112,78,22,825,68,14.73,,,0,1,,,42,0
27790,First-Class,33,28,12,164,25*,10.25,,,0,0,,,88,9
27790,List A,11,7,4,3,1*,1,,,0,0,0,0,4,6
290722,First-Class,54,75,34,285,29*,6.95,621,45.89,0,0,31,11,8,0
290722,List A,43,27,5,140,33,6.36,172,81.39,0,0,10,10,9,0
290722,T20,30,16,7,47,14,5.22,66,71.21,0,0,3,1,2,0
27619,Tests,40,68,2,2084,97,31.57,,,0,16,,1,38,0
27619,ODI,7,7,0,153,46,21.85,301,50.83,0,0,,,3,0
27619,First-Class,179,299,22,11143,207,40.22,,,21,59,,,189,0
27619,List A,26,26,1,617,90,24.68,,,0,4,,,6,0
27622,Tests,21,17,3,98,23,7,348,28.16,0,0,10,3,12,0
27622,ODI,35,18,5,132,32,10.15,171,77.19,0,0,5,4,10,0
27622,First-Class,99,131,28,1957,100*,19,,,1,5,,,77,0
27622,List A,99,64,17,650,55,13.82,,,0,1,,,38,0
32966,Tests,3,3,0,6,4,2,23,26.08,0,0,1,0,1,0
32966,ODI,25,12,5,38,13*,5.42,58,65.51,0,0,3,0,9,0
32966,,7,1,0,0,0,0,1,0,0,0,0,0,2,0
32966,First-Class,136,191,16,5475,156,31.28,,,6,36,,,59,0
32966,List A,160,116,25,1917,93,21.06,2115,90.63,0,9,128,64,46,0
32966,T20,277,151,50,1526,45*,15.1,1234,123.66,0,0,130,58,69,0
53910,,12,20,2,548,98,30.44,,,0,4,,,13,0
53910,,127,112,21,2856,100,31.38,,,1,18,,,33,0
53910,,18,16,2,241,37*,17.21,,,0,0,,,3,0
27639,Tests,10,19,0,437,60,23,1263,34.6,0,2,49,0,15,0
27639,First-Class,162,266,27,10839,301*,45.35,,,29,53,,,189,0
27639,List A,65,61,7,2415,130*,44.72,,,7,17,,,29,0
27639,T20,21,19,1,334,72*,18.55,366,91.25,0,1,28,1,4,0
27641,Tests,1,2,0,7,4,3.5,70,10,0,0,0,0,0,0
27641,ODI,39,26,6,310,61,15.5,498,62.24,0,1,15,5,16,0
27641,First-Class,61,85,15,1940,132*,27.71,,,1,11,,,30,0
27641,List A,88,60,16,760,61,17.27,,,0,2,,,37,0
500135,First-Class,67,107,4,4417,338,42.88,6682,66.1,13,16,601,50,78,0
500135,List A,92,90,4,3400,159,39.53,4131,82.3,6,19,381,68,65,1
500135,T20,60,59,8,1716,99*,33.64,1528,112.3,0,11,165,40,34,1
54279,,5,4,3,20,11*,20,30,66.66,0,0,1,0,0,0
27651,First-Class,26,41,4,1082,166,29.24,2671,40.5,1,5,,,15,0
27651,List A,30,25,5,747,111*,37.35,1057,70.67,1,5,,,12,0
27651,T20,9,9,3,192,41*,32,173,110.98,0,0,21,0,2,0
27659,Tests,2,2,1,3,3*,3,,,0,0,0,0,0,0
27659,First-Class,58,85,27,419,30*,7.22,,,0,0,,,22,0
27665,Tests,2,4,0,69,31,17.25,,,0,0,,0,2,0
27665,First-Class,75,132,9,3578,185*,29.08,,,6,,,,51,0
27667,Tests,31,52,1,1611,108,31.58,,,1,11,,,18,0
27667,First-Class,138,234,18,8611,176,39.86,,,22,,,,72,0
54043,,4,3,1,52,31*,26,78,66.66,0,0,3,0,1,0
54043,,13,9,3,68,23*,11.33,66,103.03,0,0,5,0,1,0
54242,,4,7,2,264,60,52.8,399,66.16,0,3,35,0,6,0
54242,,19,17,3,156,31,11.14,,,0,0,,,2,0
398437,First-Class,26,42,2,1333,126,33.32,2594,51.38,3,4,200,4,16,0
398437,List A,13,13,0,353,106,27.15,488,72.33,1,1,45,0,5,0
398437,T20,13,13,1,454,99*,37.83,329,137.99,0,5,69,9,4,0
942367,First-Class,34,47,4,801,71,18.62,1404,57.05,0,4,117,10,16,0
942367,List A,47,35,9,402,92,15.46,426,94.36,0,1,29,18,26,0
942367,T20,47,17,3,72,21*,5.14,93,77.41,0,0,5,1,23,0
27978,Tests,2,1,1,2,2*,,5,40,0,0,0,0,6,0
27978,ODI,19,15,2,216,51,16.61,267,80.89,0,1,18,3,19,5
27978,First-Class,84,117,12,3532,152,33.63,,,3,24,,,196,20
27978,List A,83,69,5,1389,102,21.7,,,1,6,,,80,23
27987,First-Class,49,79,3,2975,215,39.14,,,6,14,,,30,0
27987,List A,41,41,3,1317,127,34.65,,,1,10,,,14,0
27988,Tests,1,0,0,0,-,,0,,0,0,0,0,1,0
27988,First-Class,116,162,16,6476,170,44.35,,,17,34,,,79,0
28004,First-Class,11,10,2,133,69*,16.62,,,0,1,,,11,2
28004,List A,1,1,0,15,15,15,,,0,0,,,0,0
372319,,11,6,3,35,17*,11.66,63,55.55,0,0,0,1,1,0
372319,,23,10,7,8,2*,2.66,18,44.44,0,0,0,0,4,0
328163,First-Class,3,6,0,75,44,12.5,151,49.66,0,0,12,1,4,0
328163,List A,45,36,8,839,112*,29.96,974,86.13,1,3,65,23,23,1
328163,T20,57,44,18,728,78*,28,567,128.39,0,2,57,33,18,0
227724,First-Class,49,68,28,288,20,7.2,666,43.24,0,0,43,4,10,0
227724,List A,23,15,10,58,20*,11.6,114,50.87,0,0,3,2,6,0
227724,T20,11,6,4,9,5*,4.5,19,47.36,0,0,1,0,3,0
28258,First-Class,23,34,3,970,124,31.29,,,3,2,,,14,0
28258,List A,7,7,2,168,71,33.6,,,0,1,,,2,0
28010,Tests,23,40,2,1326,110,34.89,3407,38.91,2,9,180,1,34,0
28010,ODI,4,4,1,39,30,13,77,50.64,0,0,2,1,0,0
28010,First-Class,180,298,16,10908,300*,38.68,,,24,52,,,159,0
28010,List A,81,80,6,2421,133*,32.71,,,4,13,,,22,0
28010,T20,3,3,0,28,14,9.33,36,77.77,0,0,2,0,0,0
28146,Tests,8,13,1,344,100,28.66,1126,30.55,1,2,40,1,13,0
28146,ODI,5,4,1,51,24*,17,82,62.19,0,0,6,0,2,1
28146,First-Class,83,136,10,3806,171,30.2,,,6,21,,,190,22
28146,List A,53,42,8,776,65,22.82,,,0,3,,,46,10
28146,T20,9,8,1,97,42,13.85,96,101.04,0,0,10,2,1,6
28014,First-Class,16,26,7,318,56*,16.73,,,0,1,,,5,0
28014,List A,28,21,10,352,44*,32,,,0,0,,,3,0
28017,First-Class,10,18,2,282,80,17.62,,,0,1,,,8,0
28017,List A,5,5,0,117,63,23.4,,,0,1,,,1,0
54254,,15,11,0,52,24,4.72,141,36.87,0,0,4,0,5,0
54254,,13,7,2,15,7*,3,23,65.21,0,0,0,0,2,0
53912,,10,11,7,25,11,6.25,,,0,0,,,4,0
53912,,97,30,15,74,18*,4.93,204,36.27,0,0,5,0,21,0
28149,ODI,4,2,2,9,8*,,10,90,0,0,0,0,0,0
28149,First-Class,35,51,5,1379,207*,29.97,,,2,8,,,12,0
28149,List A,48,38,6,664,120,20.75,,,1,2,,,18,0
28261,First-Class,25,37,3,1061,174,31.2,,,2,3,,,7,0
28261,List A,7,7,0,155,61,22.14,,,0,1,,,1,0
500154,First-Class,52,86,8,2538,161,32.53,5213,48.68,2,13,329,44,20,0
500154,List A,70,64,10,1865,100,34.53,2292,81.36,1,12,153,62,18,0
500154,T20,70,58,9,846,69*,17.26,740,114.32,0,3,72,36,22,0
960845,,9,8,1,206,77,29.42,292,70.54,0,2,16,2,5,0
960845,,24,17,2,251,52,16.73,296,84.79,0,1,28,1,6,0
1070195,First-Class,37,65,1,2249,116,35.14,4686,47.99,5,13,337,12,68,5
1070195,List A,33,33,1,1084,102,33.87,1437,75.43,3,8,132,13,38,2
1070195,T20,20,20,2,355,59*,19.72,323,109.9,0,2,46,8,15,2
54243,,1,2,0,56,54,28,,,0,1,,,0,0
54243,,1,0,0,0,-,,0,,0,0,0,0,0,0
28045,Tests,28,44,13,418,85,13.48,,,0,1,,1,9,0
28045,First-Class,150,179,48,2384,107,18.19,,,1,9,,,50,0
28045,List A,1,1,1,7,7*,,,,0,0,,,0,0
54244,,2,4,0,49,21,12.25,,,0,0,,,0,0
1123681,First-Class,26,30,15,139,26,9.26,513,27.09,0,0,17,0,9,0
1123681,List A,19,10,6,10,3,2.5,39,25.64,0,0,0,0,3,0
220679,,23,23,1,414,47,18.81,713,58.06,0,0,49,1,12,19
220679,,8,7,1,69,28,11.5,112,61.6,0,0,5,0,4,2
28322,First-Class,12,18,3,628,217,41.86,,,1,3,,,7,0
28322,List A,2,2,0,81,62,40.5,,,0,1,,,1,0
28365,First-Class,8,14,3,493,123,44.81,,,1,3,,,2,0
28365,List A,1,1,0,7,7,7,,,0,0,,,0,0
1153626,First-Class,3,5,2,32,10,10.66,92,34.78,0,0,4,0,1,0
1153626,List A,7,3,1,8,7,4,15,53.33,0,0,1,0,3,0
1153626,T20,3,1,1,0,0*,,0,,0,0,0,0,0,0
54245,,2,4,1,84,46,28,,,0,0,,,2,0
54245,,6,5,0,84,33,16.8,,,0,0,,,3,3
54114,,4,8,0,236,57,29.5,597,39.53,0,1,33,0,0,0
54114,,78,60,11,961,92*,19.61,1578,60.89,0,6,83,8,37,0
54114,,18,11,4,131,66*,18.71,148,88.51,0,1,10,0,7,0
28067,ODI,1,1,0,8,8,8,8,100,0,0,0,0,0,0
28067,First-Class,147,213,27,9312,305*,50.06,,,26,42,,,269,21
28067,List A,121,106,25,3212,95,39.65,,,0,23,,,113,27
28067,T20,11,7,2,47,16*,9.4,42,111.9,0,0,4,0,10,8
28070,First-Class,5,6,3,16,13*,5.33,,,0,0,,,1,0
28070,List A,1,0,0,0,0,,0,,0,0,0,0,1,0
290727,ODI,3,2,1,12,9,12,13,92.3,0,0,1,0,0,0
290727,,1,1,1,1,1*,,2,50,0,0,0,0,2,0
290727,First-Class,86,120,20,3987,128,39.87,6342,62.86,5,31,551,21,46,0
290727,List A,121,100,32,2615,117*,38.45,2754,94.95,1,14,260,41,32,0
290727,T20,120,95,42,1524,65*,28.75,1284,118.69,0,3,141,32,28,0
28235,Tests,34,58,1,2315,190,40.61,3458,66.94,7,5,316,12,28,0
28235,ODI,167,164,10,6793,143,44.11,7436,91.35,17,39,842,79,83,0
28235,,68,66,3,1759,92,27.92,1392,126.36,0,11,191,50,19,0
28235,First-Class,122,202,10,8499,224,44.26,,,25,29,,,120,0
28235,List A,302,298,23,12074,248,43.9,,,30,67,,,149,0
28235,T20,329,326,34,9645,106*,33.03,7695,125.34,2,69,1090,224,133,0
28619,First-Class,1,1,0,0,0,0,7,0,0,0,0,0,0,0
28619,List A,7,7,1,119,94*,19.83,156,76.28,0,1,14,2,1,0
54281,,1,2,1,25,21,25,,,0,0,,,0,0
54281,,8,6,1,24,11,4.8,85,28.23,0,0,1,0,0,0
54246,,4,6,4,40,24*,20,,,0,0,,,2,0
54246,,13,13,2,138,35,12.54,,,0,0,,,0,0
28081,Tests,90,144,16,4876,224,38.09,8249,59.11,6,33,544,78,256,38
28081,ODI,350,297,84,10773,183*,50.57,12303,87.56,10,73,826,229,321,123
28081,,98,85,42,1617,56,37.6,1282,126.13,0,2,116,52,57,34
28081,First-Class,131,210,19,7038,224,36.84,,,9,47,,,364,57
28081,List A,423,364,99,13353,183*,50.38,,,17,87,,,402,141
28081,T20,377,331,139,7271,84*,37.86,5406,134.49,0,28,503,325,214,87
597803,,3,1,0,2,2,2,13,15.38,0,0,0,0,2,0
597803,,3,1,1,2,2*,,2,100,0,0,0,0,1,0
1292498,First-Class,15,25,2,1145,200*,49.78,1632,70.15,4,4,171,6,7,0
1292498,List A,12,10,3,425,108*,60.71,441,96.37,1,2,59,4,7,0
1292498,T20,12,11,3,379,73,47.37,299,126.75,0,3,37,11,6,0
28090,Tests,6,10,1,141,47,15.66,368,38.31,0,0,19,0,12,2
28090,ODI,23,17,6,256,94*,23.27,421,60.8,0,1,11,2,19,5
28090,First-Class,83,125,15,3958,153,35.98,,,10,19,,,243,35
28090,List A,107,77,16,1379,94*,22.6,,,0,8,,,121,40
28092,Tests,3,6,0,254,59,42.33,,,0,3,,2,6,1
28092,First-Class,57,94,9,2394,122,28.16,,,4,13,,,69,33
53944,,2,3,2,19,19,19,50,38,0,0,4,0,0,0
53944,,23,5,3,23,12*,11.5,31,74.19,0,0,2,1,4,0
53944,,1,0,0,0,-,,0,,0,0,0,0,0,0
227712,ODI,13,5,0,21,16,4.2,36,58.33,0,0,1,0,1,0
227712,,9,2,1,22,19,22,24,91.66,0,0,1,0,1,0
227712,First-Class,116,151,42,1084,55*,9.94,1647,65.81,0,2,145,25,41,0
227712,List A,98,53,15,327,33,8.6,408,80.14,0,0,32,5,25,0
227712,T20,147,37,16,110,22,5.23,142,77.46,0,0,7,2,23,0
28095,Tests,5,5,0,60,26,12,,,0,0,,0,5,0
28095,First-Class,61,88,18,1424,92,20.34,,,0,5,,,36,0
28107,Tests,33,38,10,129,20,4.6,,,0,0,13,0,10,0
28107,ODI,15,5,2,9,5*,3,20,45,0,0,0,0,3,0
28107,First-Class,238,253,70,1442,44,7.87,,,0,0,,,62,0
28107,List A,59,23,10,95,19*,7.3,,,0,0,,,7,0
28114,Tests,164,286,32,13288,270,52.31,31258,42.51,36,63,1654,21,210,0
28114,ODI,344,318,40,10889,153,39.16,15285,71.23,12,83,950,42,196,14
28114,,1,1,0,31,31,31,21,147.61,0,0,0,3,0,0
28114,First-Class,298,497,67,23794,270,55.33,,,68,117,,,353,1
28114,List A,449,416,55,15271,153,42.3,,,21,112,,,233,17
28114,T20,109,101,7,2586,75*,27.51,2271,113.87,0,13,311,34,23,0
714451,ODI,1,1,0,9,9,9,6,150,0,0,1,0,0,0
714451,,15,10,4,127,54,21.16,93,136.55,0,1,7,8,9,0
714451,First-Class,16,25,4,1012,114,48.19,1509,67.06,2,7,99,39,6,0
714451,List A,52,37,13,922,118,38.41,825,111.75,1,2,51,52,15,0
714451,T20,108,96,25,1935,95*,27.25,1383,139.91,0,8,111,119,38,0
28118,Tests,29,50,2,1202,104,25.04,,,1,7,,15,14,0
28118,First-Class,170,275,19,8545,137*,33.37,,,14,45,,,144,4
28118,List A,3,2,0,34,21,17,,,0,0,,,1,0
28120,First-Class,28,51,3,1566,139,32.62,,,4,8,,,28,0
28120,List A,19,19,1,559,79,31.05,,,0,5,,,4,0
28122,First-Class,53,83,13,1654,87,23.62,,,0,8,,,15,0
28122,List A,44,36,10,524,61,20.15,,,0,2,,,11,0
54247,,1,0,0,0,-,,0,,0,0,0,0,0,0
54044,,20,30,5,404,57*,16.16,,,0,1,,,8,0
54044,,34,30,6,211,25,8.79,,,0,0,,,9,0
279540,List A,2,2,0,93,92,46.5,111,83.78,0,1,7,0,0,0
279540,T20,1,1,0,19,19,19,18,105.55,0,0,1,0,1,0
28624,Tests,46,87,3,2611,121,31.08,,,2,16,,2,66,16
28624,ODI,5,4,1,114,54*,38,195,58.46,0,1,13,0,3,1
28624,First-Class,335,510,55,13436,192,29.52,,,13,69,,,704,120
28624,List A,160,150,21,3008,93,23.31,,,0,12,,,159,31
28671,ODI,1,1,1,55,55*,,61,90.16,0,1,7,1,0,0
28671,First-Class,135,230,11,9128,206,41.68,20160,45.27,24,39,,,132,0
28671,List A,113,113,9,3641,129*,35,5361,67.91,10,22,,,41,0
28671,T20,66,64,3,1273,66,20.86,1199,106.17,0,4,121,19,31,0
1070185,List A,8,7,1,80,33,13.33,161,49.68,0,0,9,0,1,0
1070185,T20,5,4,0,51,22,12.75,54,94.44,0,0,4,0,3,0
54248,,4,4,0,6,4,1.5,43,13.95,0,0,0,0,1,0
54248,,11,5,0,13,6,2.6,,,0,0,,,0,0
961179,,2,2,0,23,18,11.5,33,69.69,0,0,2,0,0,0
28751,Tests,6,10,4,129,50*,21.5,,,0,1,,0,6,0
28751,First-Class,64,89,14,3024,145*,40.32,,,7,14,,,40,0
28754,Tests,40,70,4,1985,201,30.07,,,2,10,,0,15,0
28754,ODI,15,14,1,269,78*,20.69,509,52.84,0,1,,,6,0
28754,First-Class,206,326,34,12136,225,41.56,,,34,47,,,160,0
28754,List A,55,53,4,1601,111*,32.67,,,2,12,,,17,0
28755,Tests,11,20,1,350,52,18.42,,,0,1,,0,5,0
28755,First-Class,110,172,13,5788,249*,36.4,,,17,23,,,49,0
28756,Tests,1,2,0,22,14,11,,,0,0,,0,0,0
28756,First-Class,101,147,19,2487,164,19.42,,,2,10,,,43,0
1060380,ODI,2,2,0,27,19,13.5,56,48.21,0,0,2,0,0,0
1060380,,11,10,1,212,58,23.55,168,126.19,0,2,20,7,7,0
1060380,First-Class,28,47,1,1941,195,42.19,3443,56.37,6,9,238,26,19,0
1060380,List A,73,72,5,4042,220*,60.32,4006,100.89,15,16,388,119,20,0
1060380,T20,108,105,9,3503,114,36.48,2576,135.98,3,25,326,133,56,3
28763,Tests,58,104,5,4154,206,41.95,8067,51.49,9,22,518,10,38,0
28763,ODI,147,143,11,5238,150*,39.68,6144,85.25,11,34,561,17,36,0
28763,,37,36,2,932,75,27.41,783,119.02,0,7,109,10,11,0
28763,First-Class,198,331,24,15153,233*,49.35,,,43,68,,,107,0
28763,List A,299,292,19,10077,151,36.91,,,21,60,,,79,0
28763,T20,251,245,24,6402,93,28.96,5309,120.58,0,53,747,90,51,0
28892,First-Class,25,43,4,1288,142,33.02,,,3,6,,,17,0
28892,List A,2,1,0,2,2,2,9,22.22,0,0,0,0,0,0
28770,Tests,4,7,1,204,88,34,545,37.43,0,2,27,1,3,0
28770,ODI,3,3,0,49,30,16.33,97,50.51,0,0,8,0,0,0
28770,First-Class,95,150,7,6111,323,42.73,,,16,27,,,67,0
28770,List A,98,95,9,3402,164*,39.55,,,9,16,,,32,0
54089,,2,2,2,122,104*,,,,1,0,,,1,1
28772,Tests,2,4,0,54,18,13.5,,,0,0,,0,1,0
28772,First-Class,54,82,8,2121,169,28.66,,,2,12,,,34,0
28774,Tests,4,7,3,25,8,6.25,122,20.49,0,0,1,0,0,0
28774,ODI,1,1,0,4,4,4,8,50,0,0,0,0,0,0
28774,First-Class,104,133,23,2023,119,18.39,,,1,7,,,45,0
28774,List A,89,59,21,525,31,13.81,,,0,0,,,27,0
28779,Tests,113,188,17,7212,239,42.17,14070,51.25,16,35,900,57,71,0
28779,ODI,311,300,23,11363,183,41.02,15416,73.7,22,72,1122,190,100,0
28779,First-Class,254,399,44,15687,239,44.18,,,33,89,,,168,0
28779,List A,437,421,43,15622,183,41.32,,,31,97,,,131,0
28779,T20,77,73,4,1726,91,25.01,1613,107,0,8,184,51,28,0
642543,First-Class,21,28,3,695,62,27.8,1606,43.27,0,4,89,3,2,0
642543,List A,18,13,1,155,37,12.91,205,75.6,0,0,11,1,3,0
642543,T20,18,7,2,39,17,7.8,46,84.78,0,0,2,1,6,0
1070180,First-Class,25,36,4,1639,206,51.21,2816,58.2,4,10,211,11,24,0
1070180,List A,36,34,5,1153,120,39.75,1262,91.36,3,6,118,18,16,0
1070180,T20,46,39,3,623,59*,17.3,544,114.52,0,3,46,18,19,0
28792,ODI,11,10,2,151,54,18.87,234,64.52,0,1,8,2,5,0
28792,First-Class,117,181,24,6938,212*,44.19,,,18,34,,,63,0
28792,List A,126,116,14,3157,101*,30.95,,,1,19,,,43,0
28792,T20,10,8,1,113,47,16.14,114,99.12,0,0,16,1,1,0
28794,Tests,125,214,16,10122,236*,51.12,,,34,45,,26,108,0
28794,ODI,108,102,14,3092,103*,35.13,4966,62.26,1,27,,,22,0
28794,First-Class,348,563,61,25834,340,51.46,,,81,105,,,293,0
28794,List A,151,144,17,4594,123,36.17,,,5,37,,,37,0
709635,,2,0,0,0,-,,0,,0,0,0,0,1,0
709635,,64,20,11,21,5,2.33,89,23.59,0,0,1,0,13,0
709635,,55,9,8,12,5*,12,21,57.14,0,0,1,0,10,0
28808,ODI,6,1,0,1,1,1,3,33.33,0,0,0,0,0,0
28808,First-Class,48,53,11,1196,114*,28.47,,,1,7,,,14,0
28808,List A,24,12,4,156,74*,19.5,,,0,1,,,5,0
28813,Tests,39,57,14,913,86,21.23,,,0,2,,7,16,0
28813,ODI,19,16,6,114,20,11.4,194,58.76,0,0,,,2,0
28813,First-Class,159,205,48,4500,102,28.66,,,1,24,,,59,0
28813,List A,43,30,9,228,20,10.85,,,0,0,,,6,0
28814,Tests,8,15,0,229,41,15.26,,,0,0,,0,4,0
28814,First-Class,82,116,13,2631,123,25.54,,,2,16,,,33,0
220435,First-Class,66,108,12,3640,208*,37.91,8800,41.36,7,18,424,35,51,0
220435,List A,51,47,5,1645,96*,39.16,2384,69,0,13,116,29,21,0
220435,T20,20,18,4,263,67,18.78,263,100,0,1,20,2,13,0
54251,,8,12,2,134,41,13.4,,,0,0,,,3,0
54251,,11,11,4,108,45*,15.42,,,0,0,,,2,0
1212830,,17,16,2,311,65,22.21,366,84.97,0,2,25,8,17,3
1212830,,35,30,9,563,47*,26.8,422,133.41,0,0,64,18,15,17
28843,First-Class,9,13,0,186,32,14.3,,,0,0,,,2,0
28843,List A,13,10,2,58,20,7.25,,,0,0,,,5,0
28821,Tests,22,31,9,192,50,8.72,,,0,1,,3,11,0
28821,First-Class,98,126,30,1379,90,14.36,,,0,5,,,57,0
28829,First-Class,7,11,1,140,29,14,,,0,0,,,6,0
28829,List A,3,2,1,53,52*,53,,,0,1,,,2,0
28830,First-Class,44,73,6,1592,111,23.76,,,1,12,,,27,0
28830,List A,40,40,5,994,159*,28.4,1174,84.66,1,7,,,25,0
28830,T20,23,21,2,429,71*,22.57,346,123.98,0,3,27,18,9,0
54249,,1,1,0,6,6,6,,,0,0,,,0,2
54249,,4,4,1,78,44,26,,,0,0,,,0,0
29018,First-Class,11,11,2,80,17,8.88,,,0,0,,,2,0
29018,List A,3,3,1,38,28,19,,,0,0,,,1,0
28846,First-Class,41,62,4,1258,108,21.68,2671,47.09,2,5,150,22,21,0
28846,List A,51,47,5,1261,105,30.02,1376,91.64,1,9,,,9,0
28846,T20,62,54,18,774,62*,21.5,601,128.78,0,2,63,32,26,0
28848,First-Class,12,16,3,190,34,14.61,,,0,0,,,3,0
28848,List A,11,7,1,37,10,6.16,,,0,0,,,1,0
317293,ODI,2,0,0,0,-,,0,,0,0,0,0,0,0
317293,First-Class,61,84,12,1226,69*,17.02,1462,83.85,0,5,133,57,13,0
317293,List A,55,37,12,479,46*,19.16,372,128.76,0,0,21,35,12,0
317293,T20,91,54,17,501,42,13.54,335,149.55,0,0,33,31,17,0
344580,First-Class,76,111,20,3137,161*,34.47,6340,49.47,5,13,359,12,27,0
344580,List A,57,38,11,702,64,26,786,89.31,0,3,61,12,18,0
344580,T20,87,37,11,459,48*,17.65,384,119.53,0,0,45,8,22,0
28850,Tests,1,2,1,18,11*,18,,,0,0,,0,3,0
28850,First-Class,78,133,16,2916,101*,24.92,,,1,17,,,49,0
28855,Tests,8,12,1,242,50*,22,,,0,1,,0,2,0
28855,First-Class,83,119,18,4259,234,42.16,,,9,23,,,49,0
53932,,12,15,3,291,69,24.25,,,0,2,,,5,0
53932,,204,121,37,1228,57,14.61,,,0,1,,,69,0
53932,,68,46,9,405,37*,10.94,,,0,0,,,23,0
302579,First-Class,61,99,6,3019,225*,32.46,5952,50.72,4,17,408,11,143,1
302579,List A,97,97,7,3371,149*,37.45,4646,72.55,6,18,369,26,79,9
302579,T20,111,101,10,2437,86*,26.78,2109,115.55,0,13,270,40,52,10
424377,ODI,1,1,0,2,2,2,3,66.66,0,0,0,0,1,0
424377,First-Class,59,77,5,1419,149,19.7,1843,76.99,1,5,130,57,18,0
424377,List A,59,42,10,618,57*,19.31,443,139.5,0,1,45,40,21,0
424377,T20,86,64,16,705,60,14.68,449,157.01,0,2,57,39,30,0
53972,,3,3,1,1,1*,0.5,,,0,0,,,0,0
53972,,4,1,1,1,1*,,4,25,0,0,0,0,0,0
53948,,5,2,1,2,2*,2,2,100,0,0,0,0,0,0
28861,Tests,2,2,0,11,7,5.5,,,0,0,,0,2,0
28861,First-Class,41,41,21,238,26,11.9,,,0,0,,,13,0
29022,First-Class,55,61,18,1033,125,24.02,,,1,4,,,27,0
29022,List A,3,2,0,21,20,10.5,,,0,0,,,0,0
28864,Tests,4,7,2,17,6,3.4,,,0,0,,0,2,0
28864,First-Class,85,102,18,1067,75,12.7,,,0,3,,,45,0
28864,List A,2,2,1,0,0*,0,,,0,0,0,0,0,0
28982,First-Class,53,76,24,841,74,16.17,1906,44.12,0,3,,,19,0
28982,List A,39,26,9,193,29,11.35,300,64.33,0,0,,,9,0
28982,T20,12,6,1,27,10,5.4,26,103.84,0,0,4,0,1,0
54253,,13,22,6,452,48*,28.25,,,0,0,,,2,0
54253,,20,19,6,263,50*,20.23,,,0,1,,,3,0
490619,,1,1,0,4,4,4,10,40,0,0,0,0,0,0
28878,Tests,3,3,2,28,17*,28,,,0,0,,0,0,0
28878,First-Class,99,82,18,587,35,9.17,,,0,0,,,21,0
28880,Tests,36,42,13,183,21,6.31,,,0,0,,0,14,0
28880,First-Class,115,125,32,761,47,8.18,,,0,0,,,52,0
253795,First-Class,16,23,2,434,127*,20.66,1130,38.4,1,1,52,0,38,5
253795,T20,2,2,1,8,5,8,14,57.14,0,0,0,0,1,2
29040,First-Class,1,2,0,13,13,6.5,,,0,0,,,1,0
537124,ODI,3,3,1,13,8,6.5,13,100,0,0,2,0,1,0
537124,First-Class,59,88,6,3471,201*,42.32,4238,81.9,7,20,471,40,24,0
537124,List A,95,85,15,3369,139*,48.12,3771,89.33,5,25,340,59,31,0
537124,T20,118,100,23,1985,93*,25.77,1600,124.06,0,7,188,70,55,3
28884,Tests,1,1,0,18,18,18,38,47.36,0,0,2,0,2,0
28884,ODI,1,1,0,4,4,4,10,40,0,0,0,0,1,0
28884,First-Class,104,147,15,5719,298*,43.32,,,14,30,,,105,0
28884,List A,31,26,1,581,88,23.24,,,0,2,,,10,0
1175429,First-Class,4,4,0,13,4,3.25,40,32.5,0,0,2,0,1,0
1175429,List A,21,10,2,96,24,12,69,139.13,0,0,5,8,2,0
1175429,T20,10,3,1,15,9,7.5,12,125,0,0,1,1,1,0
29260,Tests,14,24,2,686,105,31.18,,,1,5,97,2,11,0
29260,First-Class,207,331,50,12338,213*,43.9,,,29,63,,,110,0
29260,List A,3,3,0,81,57,27,,,0,1,,,1,0
29264,Tests,103,145,23,2224,115,18.22,3432,64.8,2,9,277,42,42,0
29264,ODI,236,128,35,1237,49,13.3,1526,81.06,0,0,92,35,71,0
29264,,28,13,5,108,21,13.5,87,124.13,0,0,11,4,7,0
29264,First-Class,198,268,46,4255,115,19.16,,,2,15,,,100,0
29264,List A,334,194,54,2134,79*,15.24,,,0,2,,,112,0
29264,T20,268,155,52,1512,78,14.67,1178,128.35,0,2,141,73,83,0
29268,Tests,2,4,1,56,32*,18.66,,,0,0,,0,3,0
29268,First-Class,74,90,11,2592,207*,32.81,,,8,,,,49,0
54283,,22,17,4,231,34,17.76,432,53.47,0,0,17,0,3,0
422847,First-Class,31,51,4,733,102,15.59,1308,56.03,1,1,97,5,16,0
422847,List A,19,17,4,155,19,11.92,168,92.26,0,0,8,5,10,0
422847,T20,7,4,0,38,15,9.5,23,165.21,0,0,2,3,0,0
29391,First-Class,30,38,3,1055,106*,30.14,,,1,6,,,48,10
29391,List A,13,11,1,205,55,20.5,,,0,1,,,7,4
1292496,First-Class,2,4,0,119,86,29.75,231,51.51,0,1,20,1,1,0
1292496,T20,5,4,0,44,27,11,49,89.79,0,0,4,2,1,0
340854,First-Class,75,117,15,4909,221,48.12,8732,56.21,15,24,601,47,86,0
340854,List A,84,81,14,3023,121,45.11,3598,84.01,6,16,268,64,48,0
340854,T20,80,75,12,2278,92*,36.15,1827,124.68,0,16,180,82,43,0
1081444,First-Class,11,17,2,363,93,24.2,953,38.09,0,2,27,11,9,0
1081444,List A,17,14,2,184,58,15.33,194,94.84,0,1,15,5,11,0
1081444,T20,33,22,11,298,38*,27.09,223,133.63,0,0,23,14,9,0
29280,Tests,3,4,1,6,6,2,38,15.78,0,0,1,0,0,0
29280,ODI,16,5,1,6,3*,1.5,19,31.57,0,0,0,0,6,0
29280,First-Class,109,131,32,1600,65*,16.16,,,0,5,,,24,0
29280,List A,93,46,14,248,33*,7.75,,,0,0,,,21,0
29280,T20,8,2,1,15,14,15,14,107.14,0,0,0,0,2,0
29288,First-Class,22,26,9,71,16*,4.17,,,0,0,,,7,0
29288,List A,3,1,1,2,2*,,3,66.66,0,0,0,0,0,0
29290,Tests,30,52,6,2192,164*,47.65,,,7,9,,1,11,0
29290,First-Class,238,367,46,18740,316*,58.38,,,60,73,,,166,0
1119008,First-Class,4,5,1,135,50*,33.75,307,43.97,0,1,11,2,1,0
1119008,List A,4,3,1,30,21,15,69,43.47,0,0,2,0,1,0
961107,,9,5,0,58,35,11.6,101,57.42,0,0,5,1,3,0
961107,,15,13,3,90,20,9,96,93.75,0,0,9,1,1,0
29522,First-Class,39,59,7,2244,150,43.15,,,4,14,,,36,0
29522,List A,20,20,4,621,128,38.81,,,1,3,,,10,0
532851,First-Class,41,71,3,2483,192,36.51,5152,48.19,7,10,325,20,35,0
532851,List A,36,35,1,1033,108*,30.38,1371,75.34,2,3,123,14,13,0
532851,T20,20,20,0,485,73,24.25,433,112,0,3,51,10,12,0
29297,Tests,4,7,2,71,26,14.2,,,0,0,,0,3,0
29297,First-Class,96,151,8,2439,135,17.05,,,1,9,,,128,59
29299,Tests,17,22,12,54,17,5.4,,,0,0,6,0,5,0
29299,ODI,18,7,3,8,4,2,29,27.58,0,0,0,0,2,0
29299,First-Class,167,189,75,1179,59,10.34,,,0,1,,,49,0
29299,List A,70,33,17,121,25,7.56,,,0,0,,,14,0
497121,ODI,10,7,1,153,33,25.5,189,80.95,0,0,10,1,3,0
497121,,21,17,5,368,104,30.66,250,147.2,1,0,29,18,12,0
497121,First-Class,48,76,6,3290,293*,47,5109,64.39,11,16,369,59,48,0
497121,List A,84,74,9,2410,161,37.07,2595,92.87,4,12,191,64,38,0
497121,T20,190,160,31,3134,108,24.29,2272,137.94,2,18,213,143,92,0
29529,Tests,4,8,0,169,85,21.12,,,0,1,,1,0,0
29529,First-Class,60,89,12,4716,250,61.24,,,14,22,,,15,0
29533,Tests,4,7,1,51,23,8.5,,,0,0,5,0,6,3
29533,First-Class,90,146,8,3694,124,26.76,,,5,16,,,133,80
277237,First-Class,71,97,15,2641,159*,32.2,4235,62.36,3,13,332,38,46,0
277237,List A,98,74,17,1196,60,20.98,1447,82.65,0,4,88,20,32,0
277237,T20,104,47,22,426,46*,17.04,429,99.3,0,0,38,9,33,0
29568,First-Class,37,48,7,1386,105,33.8,,,1,10,,,30,0
29568,List A,18,16,5,447,100*,40.63,,,1,3,,,8,0
29543,Tests,2,3,2,3,2*,3,22,13.63,0,0,0,0,2,1
29543,First-Class,22,34,9,430,46,17.2,,,0,0,,,23,6
720471,Tests,2,3,2,78,52*,78,91,85.71,0,1,8,2,5,0
720471,ODI,19,17,1,776,210,48.5,727,106.74,1,7,82,28,11,2
720471,,29,29,1,686,89,24.5,564,121.63,0,4,74,27,12,3
720471,First-Class,50,85,7,3063,273,39.26,4423,69.25,6,17,369,69,104,11
720471,List A,96,91,6,3325,210,39.11,3505,94.86,5,19,329,112,99,11
720471,T20,169,161,10,4325,113*,28.64,3306,130.82,3,24,428,187,90,14
54255,,7,10,4,40,11,6.66,,,0,0,,,2,0
54255,,2,2,1,14,8*,14,,,0,0,,,0,0
642519,Tests,10,16,1,666,105,44.4,1012,65.81,1,5,80,14,12,0
642519,ODI,44,39,3,1645,113*,45.69,1699,96.82,2,14,164,32,16,0
642519,,49,45,11,1043,74*,30.67,767,135.98,0,7,85,42,14,0
642519,First-Class,65,110,5,5366,202*,51.1,6819,78.69,13,29,627,125,49,0
642519,List A,126,118,12,4808,148,45.35,5011,95.94,9,31,439,122,54,0
642519,T20,197,193,30,5217,147,32,4004,130.29,2,33,435,209,78,0
851403,ODI,2,2,0,24,22,12,40,60,0,0,0,1,0,0
851403,,9,7,3,133,35*,33.25,82,162.19,0,0,15,5,4,0
851403,First-Class,12,18,0,585,93,32.5,1040,56.25,0,6,65,10,5,0
851403,List A,37,34,4,1316,198,43.86,1279,102.89,4,4,96,43,18,0
851403,T20,94,85,20,2177,104,33.49,1591,136.83,1,12,205,87,41,0
29632,Tests,15,24,2,576,96,26.18,1463,39.37,0,4,62,3,5,0
29632,ODI,196,179,36,5359,119,37.47,7678,69.79,6,30,366,85,59,0
29632,First-Class,111,174,24,8100,264,54,,,20,40,,,74,0
29632,List A,291,271,52,8304,119,37.91,,,11,48,,,91,1
234675,Tests,67,98,21,2804,175*,36.41,4915,57.04,3,19,283,58,41,0
234675,ODI,179,122,43,2574,87,32.58,3040,84.67,0,13,188,50,66,0
234675,,64,34,15,457,46*,24.05,367,124.52,0,0,34,12,24,0
234675,First-Class,122,180,29,6900,331,45.69,11766,58.64,12,36,725,117,92,0
234675,List A,232,166,55,3623,134,32.63,4198,86.3,2,18,264,77,88,0
234675,T20,308,220,89,3359,62*,25.64,2599,129.24,0,2,244,121,125,0
29833,First-Class,6,5,2,55,42,18.33,,,0,0,,,4,0
29833,List A,8,6,3,47,14*,15.66,,,0,0,,,0,0
290716,ODI,73,52,19,1389,120,42.09,1367,101.6,2,6,141,24,33,0
290716,,9,6,0,122,58,20.33,99,123.23,0,1,12,3,1,0
290716,First-Class,82,130,11,5721,327,48.07,8110,70.54,16,22,754,81,59,0
290716,List A,180,154,37,5342,141,45.65,5168,103.36,10,31,532,113,82,0
290716,T20,157,136,34,2496,84*,24.47,1945,128.32,0,14,223,82,54,9
29641,First-Class,2,3,0,18,7,6,,,0,0,,,2,0
29835,First-Class,3,4,1,59,37,19.66,,,0,0,,,2,0
29646,Tests,31,58,1,1944,212,34.1,4045,48.05,5,11,272,3,27,0
29646,ODI,2,2,0,10,10,5,23,43.47,0,0,2,0,0,0
29646,First-Class,260,421,38,19410,314*,50.67,,,57,91,,,299,0
29646,List A,118,117,7,4849,178*,44.08,,,10,33,,,45,0
29646,T20,23,23,1,616,95,28,477,129.14,0,6,75,11,11,0
29654,Tests,4,7,0,39,13,5.57,,,0,0,,0,4,0
29654,First-Class,111,175,26,3327,133,22.32,,,4,7,,,82,0
29667,Tests,1,2,0,19,19,9.5,,,0,0,,0,0,0
29667,First-Class,67,108,7,3231,156,31.99,,,6,19,,,26,0
53915,,8,12,0,441,110,36.75,,,1,3,,,15,8
53915,,65,65,7,1729,90,29.81,,,0,12,,,30,51
26507,First-Class,16,22,2,562,76,28.1,1488,37.76,0,4,74,0,11,0
26507,List A,3,2,0,12,11,6,28,42.85,0,0,2,0,1,0
26507,T20,1,1,0,4,4,4,2,200,0,0,0,0,0,0
29656,First-Class,36,63,3,1602,115,26.7,,,2,9,,,25,0
29656,List A,26,24,2,916,95,41.63,,,0,7,,,4,0
29656,T20,5,5,0,63,35,12.6,50,126,0,0,5,1,1,0
54171,,5,9,0,195,40,21.66,587,33.21,0,0,27,0,14,3
54171,,44,40,6,987,103,29.02,1921,51.37,1,9,114,0,32,26
54171,,9,3,1,9,8*,4.5,21,42.85,0,0,0,0,4,8
29663,Tests,39,71,4,2056,129,30.68,,,3,12,,12,17,0
29663,First-Class,245,388,27,13516,259,37.44,,,33,65,,,157,0
29663,List A,4,4,2,125,75*,62.5,,,0,1,,,0,0
1151278,Tests,2,3,0,266,171,88.66,491,54.17,1,1,29,3,1,0
1151278,,5,5,1,132,84*,33,91,145.05,0,1,17,5,1,0
1151278,First-Class,17,29,3,2111,265,81.19,3225,65.45,10,3,256,27,14,0
1151278,List A,32,32,4,1511,203,53.96,1753,86.19,5,7,159,36,8,0
1151278,T20,62,60,3,1710,124,30,1188,143.93,1,10,207,69,21,0
29674,Tests,1,2,2,5,4*,,,,0,0,,0,2,0
29674,First-Class,29,50,24,291,43,11.19,,,0,0,,,7,0
1070187,List A,24,15,3,164,39*,13.66,168,97.61,0,0,10,8,11,0
1070187,T20,22,9,4,72,27*,14.4,61,118.03,0,0,5,4,6,0
1151275,First-Class,2,2,0,13,7,6.5,39,33.33,0,0,2,0,1,0
1151275,List A,2,0,0,0,-,,0,,0,0,0,0,0,0
1151275,T20,3,1,1,1,1*,,1,100,0,0,0,0,0,0
29810,First-Class,16,19,5,450,78,32.14,,,0,3,,,6,0
29810,List A,2,1,1,8,8*,,,,0,0,,,0,0
652359,First-Class,33,43,6,590,63*,15.94,575,102.6,0,1,54,47,11,0
652359,List A,43,26,5,288,62*,13.71,200,144,0,1,16,27,11,0
652359,T20,54,34,10,276,27,11.5,153,180.39,0,0,13,25,12,0
29830,First-Class,7,10,2,178,71,22.25,,,0,1,,,3,0
29830,List A,14,12,2,167,33,16.7,,,0,0,,,0,0
398515,First-Class,7,10,0,516,139,51.6,944,54.66,1,5,51,4,2,0
398515,List A,13,12,2,478,122,47.8,640,74.68,1,1,40,5,8,0
398515,T20,1,1,0,16,16,16,16,100,0,0,2,0,0,0
29811,First-Class,16,18,2,100,36,6.25,,,0,0,,,7,0
29811,List A,3,1,0,0,0,0,,,0,0,0,0,2,0
29762,First-Class,8,15,4,212,66,19.27,479,44.25,0,1,,,20,1
29762,List A,4,3,1,20,18*,10,34,58.82,0,0,,,5,0
29813,First-Class,47,62,30,248,33,7.75,,,0,0,,,11,0
29813,List A,31,16,5,51,19*,4.63,,,0,0,,,6,0
29852,Tests,1,1,0,5,5,5,,,0,0,1,0,0,0
29852,First-Class,91,154,25,4687,197,36.33,,,8,22,,,66,0
29852,List A,4,4,0,65,32,16.25,,,0,0,,,1,0
29706,First-Class,75,126,8,4337,230,36.75,,,12,17,,,61,0
29706,List A,48,48,2,1330,112,28.91,,,1,9,,,8,0
54256,,5,9,0,166,41,18.44,,,0,0,,,4,9
54256,,20,20,3,193,38,11.35,,,0,0,,,11,4
29976,ODI,4,3,2,35,29*,35,30,116.66,0,0,5,0,3,0
29976,,4,0,0,0,-,,0,,0,0,0,0,2,0
29976,First-Class,77,121,8,2804,139,24.81,4658,60.19,5,10,,,15,0
29976,List A,80,68,11,1040,87,18.24,1196,86.95,0,2,,,14,0
29976,T20,63,39,11,425,75*,15.17,337,126.11,0,1,34,20,18,0
29709,First-Class,44,67,6,2074,122,34,,,5,10,,,48,0
29709,List A,35,32,5,957,113,35.44,,,1,8,,,14,0
29712,Tests,2,3,1,8,5,4,35,22.85,0,0,1,0,0,0
29712,First-Class,39,44,5,437,101*,11.2,,,1,0,,,20,0
29712,List A,33,16,3,118,17,9.07,,,0,0,,,4,0
1081438,First-Class,17,26,4,1016,140*,46.18,2216,45.84,1,8,118,14,11,0
1081438,List A,8,7,1,188,100*,31.33,244,77.04,1,0,18,4,1,0
1081438,T20,1,1,0,21,21,21,12,175,0,0,3,0,1,0
1081443,First-Class,22,34,3,559,83,18.03,1551,36.04,0,4,47,9,6,0
1081443,List A,18,10,2,218,71*,27.25,291,74.91,0,1,9,10,4,0
1081443,T20,11,5,2,35,18*,11.66,46,76.08,0,0,1,1,3,0
29721,Tests,12,20,1,207,52*,10.89,,,0,1,,,18,9
29721,First-Class,78,111,10,1724,100*,17.06,,,1,8,,,120,61
29725,Tests,15,19,2,352,92,20.7,834,42.2,0,1,36,4,7,0
29725,ODI,69,45,11,584,61*,17.17,653,89.43,0,1,47,17,19,0
29725,First-Class,160,221,29,5129,118,26.71,,,4,26,,,88,0
29725,List A,163,117,29,1729,64,19.64,,,0,5,,,46,0
29725,T20,15,9,5,78,32*,19.5,86,90.69,0,0,4,1,3,0
1207296,T20,6,3,1,35,19*,17.5,23,152.17,0,0,5,0,1,0
960815,,14,4,1,20,12,6.66,32,62.5,0,0,2,0,5,0
960815,,8,3,3,6,3*,,19,31.57,0,0,0,0,1,0
29970,First-Class,22,36,4,917,136*,28.65,,,2,5,,,9,0
29970,List A,4,4,0,132,84,33,,,0,1,,,1,0
1175488,First-Class,12,16,2,658,249,47,1102,59.7,1,3,86,5,28,2
1175488,List A,5,3,1,31,21*,15.5,27,114.81,0,0,2,2,9,1
1175488,T20,16,14,4,180,34*,18,127,141.73,0,0,11,10,4,0
1130300,First-Class,12,17,1,419,109,26.18,963,43.5,1,3,52,1,4,0
1130300,List A,29,29,4,1065,159,42.6,1363,78.13,3,5,104,9,21,2
1130300,T20,14,12,4,285,71*,35.62,235,121.27,0,2,29,5,2,2
54257,,1,1,0,3,3,3,,,0,0,,,0,0
54257,,2,1,0,17,17,17,,,0,0,,,0,0
29986,First-Class,8,15,2,350,109,26.92,,,1,1,,,1,0
29986,List A,9,9,0,220,65,24.44,,,0,1,,,2,0
29990,Tests,13,22,3,624,148*,32.84,1548,40.31,1,3,64,2,14,0
29990,ODI,125,110,24,2753,111*,32.01,3822,72.03,2,17,228,9,55,0
29990,First-Class,186,289,24,10229,202*,38.6,,,19,59,,,170,0
29990,List A,269,248,42,7763,151*,37.68,,,6,59,,,125,0
29990,T20,75,68,11,1237,70,21.7,1201,102.99,0,7,117,26,42,0
53917,,7,10,0,503,110,50.3,,,2,3,,,3,0
53917,,78,59,10,1023,65,20.87,,,0,3,,,11,0
53917,,1,1,1,5,5*,,8,62.5,0,0,0,0,0,0
